feature_name,feature_type,aliases,irwm_region,operator_owner,notes,all_names,source
Oroville Dam,Dam,Oroville|Lake Oroville Dam|Edward Hyatt Powerplant Dam,Feather River,DWR,Tallest dam in the US; SWP keystone; 2017 spillway incident,Oroville Dam|Oroville|Lake Oroville Dam|Edward Hyatt Powerplant Dam,USACE
Shasta Dam,Dam,Shasta|Shasta Lake Dam,Shasta,USBR,CVP keystone; largest reservoir in CA by capacity,Shasta Dam|Shasta|Shasta Lake Dam,USACE
Folsom Dam,Dam,Folsom|Lake Folsom Dam|Folsom Main Dam|Folsom Dam Auxiliary Spillway,American River,USBR,CVP; American River flood control and water supply,Folsom Dam|Folsom|Lake Folsom Dam|Folsom Main Dam|Folsom Dam Auxiliary Spillway,USACE
Friant Dam,Dam,Friant|Millerton Lake Dam,San Joaquin,USBR,CVP; diverts San Joaquin River into Friant-Kern and Madera Canals,Friant Dam|Friant|Millerton Lake Dam,USACE
New Melones Dam,Dam,New Melones|New Melones Lake Dam|New Melones Reservoir Dam,Stanislaus,USBR,CVP; Stanislaus River; fourth-largest reservoir in CA,New Melones Dam|New Melones|New Melones Lake Dam|New Melones Reservoir Dam,USACE
Don Pedro Dam,Dam,Don Pedro|New Don Pedro Dam|Don Pedro Reservoir Dam,Tuolumne,Turlock ID / Modesto ID,Joint TID/MID project; Tuolumne River,Don Pedro Dam|Don Pedro|New Don Pedro Dam|Don Pedro Reservoir Dam,USACE
Pine Flat Dam,Dam,Pine Flat|Pine Flat Lake Dam|Kings River Dam,Kings,USACE,Kings River; flood control and conservation; USACE operated,Pine Flat Dam|Pine Flat|Pine Flat Lake Dam|Kings River Dam,USACE
Isabella Dam,Dam,Isabella|Lake Isabella Dam|Kern River Dam|Main Dam Isabella|Auxiliary Dam Isabella,Kern,USACE,Kern River; USACE; seismic remediation project ongoing,Isabella Dam|Isabella|Lake Isabella Dam|Kern River Dam|Main Dam Isabella|Auxiliary Dam Isabella,USACE
Terminus Dam,Dam,Terminus|Kaweah Dam|Lake Kaweah Dam,Kaweah,USACE,Kaweah River; USACE flood control,Terminus Dam|Terminus|Kaweah Dam|Lake Kaweah Dam,USACE
Success Dam,Dam,Success|Lake Success Dam|Tule River Dam,Tule,USACE,Tule River; USACE flood control,Success Dam|Success|Lake Success Dam|Tule River Dam,USACE
Trinity Dam,Dam,Trinity|Clair Engle Lake Dam|Trinity Reservoir Dam|Lewiston Dam,Trinity,USBR,CVP; diverts Trinity River water to Sacramento Valley via tunnel,Trinity Dam|Trinity|Clair Engle Lake Dam|Trinity Reservoir Dam|Lewiston Dam,USACE
Monticello Dam,Dam,Monticello|Lake Berryessa Dam|Berryessa Dam|Monticello Dam Glory Hole,Solano,USBR,CVP; Putah Creek; morning glory spillway; Solano County water supply,Monticello Dam|Monticello|Lake Berryessa Dam|Berryessa Dam|Monticello Dam Glory Hole,USACE
O'Shaughnessy Dam,Dam,O'Shaughnessy|Hetch Hetchy Dam|Hetch Hetchy Reservoir Dam,San Joaquin,SFPUC,Tuolumne River in Yosemite; SFPUC Hetch Hetchy system; long-running restoration controversy,O'Shaughnessy Dam|O'Shaughnessy|Hetch Hetchy Dam|Hetch Hetchy Reservoir Dam,USACE
Pardee Dam,Dam,Pardee|Pardee Reservoir Dam|Mokelumne River Dam,Mokelumne,EBMUD,EBMUD; Mokelumne River; primary storage for East Bay,Pardee Dam|Pardee|Pardee Reservoir Dam|Mokelumne River Dam,USACE
Camanche Dam,Dam,Camanche|Camanche Reservoir Dam,Mokelumne,EBMUD,EBMUD; downstream of Pardee; regulating reservoir,Camanche Dam|Camanche|Camanche Reservoir Dam,USACE
Los Vaqueros Dam,Dam,Los Vaqueros|Los Vaqueros Reservoir Dam,Diablo,CCWD,Contra Costa Water District; off-stream storage; expansion completed 2022,Los Vaqueros Dam|Los Vaqueros|Los Vaqueros Reservoir Dam,USACE
Anderson Dam,Dam,Anderson|Anderson Reservoir Dam|Coyote Creek Dam,Santa Clara,Valley Water,Valley Water; seismic retrofit underway; reservoir partially drained since 2021,Anderson Dam|Anderson|Anderson Reservoir Dam|Coyote Creek Dam,USACE
Calaveras Dam,Dam,Calaveras|Calaveras Reservoir Dam|New Calaveras Dam,San Francisco Bay,SFPUC,SFPUC; seismically upgraded; completed 2022,Calaveras Dam|Calaveras|Calaveras Reservoir Dam|New Calaveras Dam,USACE
San Antonio Dam,Dam,San Antonio|San Antonio Reservoir Dam|Del Valle Dam,San Francisco Bay,Zone 7 Water Agency,Alameda County; Arroyo del Valle,San Antonio Dam|San Antonio|San Antonio Reservoir Dam|Del Valle Dam,USACE
Hoover Dam,Dam,Hoover|Boulder Dam|Lake Mead Dam,Colorado River,USBR,Nevada-Arizona border; Colorado River; Lake Mead; critical to CA Colorado River entitlement,Hoover Dam|Hoover|Boulder Dam|Lake Mead Dam,USACE
Parker Dam,Dam,Parker|Lake Havasu Dam,Colorado River,USBR,Colorado River; Lake Havasu; intake point for Colorado River Aqueduct,Parker Dam|Parker|Lake Havasu Dam,USACE
Prado Dam,Dam,Prado|Prado Basin Dam|Prado Flood Control Basin Dam,Santa Ana,USACE,USACE; Santa Ana River; OCWD uses basin for groundwater recharge,Prado Dam|Prado|Prado Basin Dam|Prado Flood Control Basin Dam,USACE
Whittier Narrows Dam,Dam,Whittier Narrows|Whittier Narrows Flood Control Basin,Los Angeles,USACE,USACE; San Gabriel River; seismic safety remediation ongoing,Whittier Narrows Dam|Whittier Narrows|Whittier Narrows Flood Control Basin,USACE
Hansen Dam,Dam,Hansen|Hansen Basin|Hansen Flood Control Basin,Los Angeles,USACE,USACE; Big Tujunga Wash; multipurpose flood control/recreation,Hansen Dam|Hansen|Hansen Basin|Hansen Flood Control Basin,USACE
Sepulveda Dam,Dam,Sepulveda|Sepulveda Basin|Sepulveda Flood Control Basin,Los Angeles,USACE,USACE; Los Angeles River; largest USACE basin in LA County,Sepulveda Dam|Sepulveda|Sepulveda Basin|Sepulveda Flood Control Basin,USACE
Pyramid Dam,Dam,Pyramid|Lake Pyramid Dam|Pyramid Lake Dam,Los Angeles,DWR,SWP; Piru Creek; regulating reservoir on SWP,Pyramid Dam|Pyramid|Lake Pyramid Dam|Pyramid Lake Dam,USACE
Castaic Dam,Dam,Castaic|Lake Castaic Dam|Castaic Lake Dam,Los Angeles,DWR,SWP terminal reservoir for southern end of Edmund G. Brown Aqueduct,Castaic Dam|Castaic|Lake Castaic Dam|Castaic Lake Dam,USACE
Perris Dam,Dam,Perris|Lake Perris Dam,Eastern Coachella Valley|Western Riverside,DWR,SWP terminal reservoir in Riverside County,Perris Dam|Perris|Lake Perris Dam,USACE
San Luis Dam,Dam,San Luis|San Luis Reservoir Dam|O'Neill Forebay Dam|Los Banos Dam,San Joaquin,DWR / USBR,Joint DWR/USBR off-stream storage; largest off-stream reservoir in US; San Luis Reservoir,San Luis Dam|San Luis|San Luis Reservoir Dam|O'Neill Forebay Dam|Los Banos Dam,USACE
California Aqueduct,Aqueduct/Canal,CA Aqueduct|State Water Project Aqueduct|SWP Aqueduct|Edmund G. Brown California Aqueduct|Department of Water Resources Aqueduct,San Joaquin|Kings|Tulare|Kern|Los Angeles|San Gabriel and Lower Los Angeles Rivers and Mountains|Santa Ana,DWR,Backbone of SWP; runs ~444 miles from Sacramento Delta to Perris Reservoir; includes East and West Branches,California Aqueduct|CA Aqueduct|State Water Project Aqueduct|SWP Aqueduct|Edmund G. Brown California Aqueduct|Department of Water Resources Aqueduct,DWR-SWP|USBR-CVP
Delta-Mendota Canal,Aqueduct/Canal,DMC|Delta Mendota Canal|Delta-Mendota|D-MC,San Joaquin|Delta,USBR,CVP; delivers water from Sacramento-San Joaquin Delta south to Mendota Pool,Delta-Mendota Canal|DMC|Delta Mendota Canal|Delta-Mendota|D-MC,DWR-SWP|USBR-CVP
Friant-Kern Canal,Aqueduct/Canal,FKC|Friant Kern Canal|Friant-Kern,San Joaquin|Kings|Tule|Kern,USBR / Friant Water Authority,CVP; 152 miles from Friant Dam south to Bakersfield; subsidence damage remediation ongoing,Friant-Kern Canal|FKC|Friant Kern Canal|Friant-Kern,DWR-SWP|USBR-CVP
Madera Canal,Aqueduct/Canal,Madera-Friant Canal,San Joaquin,USBR / Madera ID,CVP; runs north from Friant Dam to Madera County,Madera Canal|Madera-Friant Canal,DWR-SWP|USBR-CVP
Colorado River Aqueduct,Aqueduct/Canal,CRA|Colorado River Aqueduct MWD,Colorado River|Los Angeles|Inland Empire,MWD,Metropolitan Water District; 242 miles from Parker Dam to Lake Mathews; completed 1941,Colorado River Aqueduct|CRA|Colorado River Aqueduct MWD,DWR-SWP|USBR-CVP
Los Angeles Aqueduct,Aqueduct/Canal,LAA|First Los Angeles Aqueduct|Second Los Angeles Aqueduct|Owens Valley Aqueduct|LADWP Aqueduct,Los Angeles,LADWP,Two parallel aqueducts from Owens Valley; 1st completed 1913; 2nd completed 1970; controversial Owens Valley water diversions,Los Angeles Aqueduct|LAA|First Los Angeles Aqueduct|Second Los Angeles Aqueduct|Owens Valley Aqueduct|LADWP Aqueduct,DWR-SWP|USBR-CVP
Hetch Hetchy Aqueduct,Aqueduct/Canal,Hetch Hetchy Water System|SFPUC Aqueduct|Bay Division Pipelines,San Francisco Bay|San Joaquin,SFPUC,SFPUC; from Yosemite to SF Bay Area; ~167 miles; serves 2.7 million customers,Hetch Hetchy Aqueduct|Hetch Hetchy Water System|SFPUC Aqueduct|Bay Division Pipelines,DWR-SWP|USBR-CVP
Mokelumne Aqueduct,Aqueduct/Canal,EBMUD Aqueduct|Mokelumne River Aqueduct|East Bay Aqueduct,Mokelumne,EBMUD,Three parallel pipelines from Pardee Reservoir to East Bay; ~90 miles,Mokelumne Aqueduct|EBMUD Aqueduct|Mokelumne River Aqueduct|East Bay Aqueduct,DWR-SWP|USBR-CVP
South Bay Aqueduct,Aqueduct/Canal,SBA|South Bay Branch|SWP South Bay,Santa Clara|San Francisco Bay,DWR,SWP lateral from Delta-Mendota Canal area to Alameda and Santa Clara counties,South Bay Aqueduct|SBA|South Bay Branch|SWP South Bay,DWR-SWP|USBR-CVP
North Bay Aqueduct,Aqueduct/Canal,NBA|North Bay Branch|SWP North Bay,Solano|Napa,DWR,SWP lateral serving Napa and Solano counties,North Bay Aqueduct|NBA|North Bay Branch|SWP North Bay,DWR-SWP|USBR-CVP
All-American Canal,Aqueduct/Canal,AAC|All American Canal|IID Canal,Colorado River,USBR / IID,80 miles from Imperial Dam to Imperial Valley and Coachella Canal; lined canal completed 2010,All-American Canal|AAC|All American Canal|IID Canal,DWR-SWP|USBR-CVP
Coachella Canal,Aqueduct/Canal,Coachella Branch|Coachella Valley Canal,Eastern Coachella Valley,USBR / CVWD,Branch of All-American Canal; delivers Colorado River water to Coachella Valley,Coachella Canal|Coachella Branch|Coachella Valley Canal,DWR-SWP|USBR-CVP
Tehama-Colusa Canal,Aqueduct/Canal,Tehama Colusa Canal|TCC|T-C Canal,Tehama|Colusa,USBR / Tehama-Colusa Canal Authority,CVP; Sacramento Valley west side; ~109 miles,Tehama-Colusa Canal|Tehama Colusa Canal|TCC|T-C Canal,DWR-SWP|USBR-CVP
Contra Costa Canal,Aqueduct/Canal,Contra Costa|CCC|Contra Costa Water District Canal,Diablo,USBR / CCWD,CVP; Delta to Contra Costa WD; replaced by Los Vaqueros pipeline in part,Contra Costa Canal|Contra Costa|CCC|Contra Costa Water District Canal,DWR-SWP|USBR-CVP
Corning Canal,Aqueduct/Canal,Corning|CVP Corning Canal,Tehama,USBR,CVP; Sacramento Valley east side serving Tehama County,Corning Canal|Corning|CVP Corning Canal,DWR-SWP|USBR-CVP
San Joaquin Valley Westside Canal,Aqueduct/Canal,Westside Canal|San Luis Canal|San Luis Unit Canals,San Joaquin,USBR,CVP San Luis Unit; serves westside San Joaquin Valley irrigation districts,San Joaquin Valley Westside Canal|Westside Canal|San Luis Canal|San Luis Unit Canals,DWR-SWP|USBR-CVP
East Branch Extension,Aqueduct/Canal,SWP East Branch|East Branch California Aqueduct,San Gabriel and Lower Los Angeles Rivers and Mountains|Inland Empire,DWR / Inland Feeder participants,SWP branch delivering to MWD Inland Feeder for Diamond Valley Lake,East Branch Extension|SWP East Branch|East Branch California Aqueduct,DWR-SWP|USBR-CVP
Inland Feeder,Aqueduct/Canal,MWD Inland Feeder|Inland Feeder Pipeline,Inland Empire,MWD,MWD pipeline linking SWP East Branch to Diamond Valley Lake; completed 1999,Inland Feeder|MWD Inland Feeder|Inland Feeder Pipeline,DWR-SWP|USBR-CVP
Owens Valley Aqueduct System,Aqueduct/Canal,Owens River Aqueduct|Mono Basin Extensions|Long Valley Conduit,Owens Valley,LADWP,Includes both LA Aqueducts plus Mono Basin extensions; LADWP water supply backbone,Owens Valley Aqueduct System|Owens River Aqueduct|Mono Basin Extensions|Long Valley Conduit,DWR-SWP|USBR-CVP
Peripheral Canal (Proposed),Aqueduct/Canal,Peripheral Canal|California WaterFix|Delta Conveyance Project|Delta Tunnel|Twin Tunnels,Delta,DWR (proposed),Long-running proposal to route Delta water around the estuary; current iteration is Delta Conveyance Project (single tunnel); highly controversial,Peripheral Canal (Proposed)|Peripheral Canal|California WaterFix|Delta Conveyance Project|Delta Tunnel|Twin Tunnels,DWR-SWP|USBR-CVP
Harvey O. Banks Pumping Plant,Pumping Plant,Banks Pumping Plant|Banks PP|SWP Banks|Banks Delta Pumping Plant,Delta,DWR,SWP; primary south Delta intake; Tracy area; subject to D-1641 Delta outflow requirements,Harvey O. Banks Pumping Plant|Banks Pumping Plant|Banks PP|SWP Banks|Banks Delta Pumping Plant,DWR-SWP|USBR-CVP
C.W. Bill Jones Pumping Plant,Pumping Plant,Jones Pumping Plant|Jones PP|CVP Jones|Tracy Pumping Plant,Delta,USBR,CVP; south Delta intake; adjacent to Banks PP; formerly 'Tracy Pumping Plant',C.W. Bill Jones Pumping Plant|Jones Pumping Plant|Jones PP|CVP Jones|Tracy Pumping Plant,DWR-SWP|USBR-CVP
Edmonston Pumping Plant,Pumping Plant,Edmonston|Edmonston PP|Tehachapi Pumping Plant|SWP Tehachapi Lift,Kern,DWR,"SWP; lifts water over Tehachapi Mountains; highest single lift of any pumping plant in the world (~1,926 ft)",Edmonston Pumping Plant|Edmonston|Edmonston PP|Tehachapi Pumping Plant|SWP Tehachapi Lift,DWR-SWP|USBR-CVP
Dos Amigos Pumping Plant,Pumping Plant,Dos Amigos|Dos Amigos PP|DMC Pumping Plant,San Joaquin,USBR,CVP; on Delta-Mendota Canal; provides supplemental lift,Dos Amigos Pumping Plant|Dos Amigos|Dos Amigos PP|DMC Pumping Plant,DWR-SWP|USBR-CVP
Gianelli Pumping-Generating Plant,Pumping Plant,Gianelli|Gianelli Plant|San Luis PP|San Luis Pumping Plant,San Joaquin,DWR / USBR,Joint SWP/CVP; pumps to and generates from San Luis Reservoir; A.D. Edmonston's northern counterpart,Gianelli Pumping-Generating Plant|Gianelli|Gianelli Plant|San Luis PP|San Luis Pumping Plant,DWR-SWP|USBR-CVP
Pearblossom Pumping Plant,Pumping Plant,Pearblossom|SWP Pearblossom,Los Angeles,DWR,SWP; Antelope Valley area,Pearblossom Pumping Plant|Pearblossom|SWP Pearblossom,DWR-SWP|USBR-CVP
Devil Canyon Pumping Plant,Pumping Plant,Devil Canyon|Devil Canyon PP,Inland Empire,DWR,SWP East Branch; lifts water up San Bernardino Mountains approach,Devil Canyon Pumping Plant|Devil Canyon|Devil Canyon PP,DWR-SWP|USBR-CVP
Delta-Mendota Canal Pumping Plants,Pumping Plant,CVP Pumping Plants|San Luis Canal Pumping Plants,San Joaquin,USBR,Series of lift stations along Delta-Mendota Canal,Delta-Mendota Canal Pumping Plants|CVP Pumping Plants|San Luis Canal Pumping Plants,DWR-SWP|USBR-CVP
F.E. Weymouth Water Treatment Plant,Water Treatment Plant,Weymouth WTP|Weymouth Plant|La Verne WTP|MWD Weymouth,San Gabriel and Lower Los Angeles Rivers and Mountains,MWD,MWD; La Verne; 520 MGD capacity; treats Colorado River water,F.E. Weymouth Water Treatment Plant|Weymouth WTP|Weymouth Plant|La Verne WTP|MWD Weymouth,SWRCB
Robert B. Diemer Water Treatment Plant,Water Treatment Plant,Diemer WTP|Diemer Plant|Yorba Linda WTP|MWD Diemer,Santa Ana,MWD,MWD; Yorba Linda; 520 MGD capacity; treats both SWP and Colorado River water,Robert B. Diemer Water Treatment Plant|Diemer WTP|Diemer Plant|Yorba Linda WTP|MWD Diemer,SWRCB
Jensen Water Treatment Plant,Water Treatment Plant,Jensen WTP|Jensen Plant|MWD Jensen|Joseph Jensen Filtration Plant,Los Angeles,MWD,MWD; Granada Hills; 560 MGD capacity; treats SWP water,Jensen Water Treatment Plant|Jensen WTP|Jensen Plant|MWD Jensen|Joseph Jensen Filtration Plant,SWRCB
Mills Water Treatment Plant,Water Treatment Plant,Mills WTP|Mills Plant|Lincoln Ave WTP|MWD Mills,San Gabriel and Lower Los Angeles Rivers and Mountains,MWD,"MWD; Lincoln Avenue, Pasadena; 260 MGD capacity",Mills Water Treatment Plant|Mills WTP|Mills Plant|Lincoln Ave WTP|MWD Mills,SWRCB
Henry J. Mills Filtration Plant,Water Treatment Plant,Mills Filtration Plant,San Gabriel and Lower Los Angeles Rivers and Mountains,MWD,Alternative name for Mills WTP; note possible naming confusion with Skinner,Henry J. Mills Filtration Plant|Mills Filtration Plant,SWRCB
Robert A. Skinner Water Treatment Plant,Water Treatment Plant,Skinner WTP|Skinner Plant|MWD Skinner|Perris WTP,Western Riverside,MWD,MWD; Winchester/Riverside County; 640 MGD; largest of MWD's treatment plants,Robert A. Skinner Water Treatment Plant|Skinner WTP|Skinner Plant|MWD Skinner|Perris WTP,SWRCB
Calaveras Water Treatment Plant,Water Treatment Plant,Calaveras WTP|SFPUC Calaveras,San Francisco Bay,SFPUC,SFPUC; Alameda County; part of Bay Division system,Calaveras Water Treatment Plant|Calaveras WTP|SFPUC Calaveras,SWRCB
Harry Tracy Water Treatment Plant,Water Treatment Plant,Harry Tracy WTP|Tracy WTP|SFPUC Tracy|San Mateo WTP,San Francisco Bay,SFPUC,SFPUC; San Carlos/San Mateo County; primary treatment for Peninsula,Harry Tracy Water Treatment Plant|Harry Tracy WTP|Tracy WTP|SFPUC Tracy|San Mateo WTP,SWRCB
Sunol Valley Water Treatment Plant,Water Treatment Plant,Sunol WTP|SFPUC Sunol|Niles WTP,San Francisco Bay,SFPUC,SFPUC; Alameda County,Sunol Valley Water Treatment Plant|Sunol WTP|SFPUC Sunol|Niles WTP,SWRCB
Rinconada Water Treatment Plant,Water Treatment Plant,Rinconada WTP|Valley Water Rinconada|Los Gatos WTP,Santa Clara,Valley Water,Valley Water; Los Gatos; 80 MGD capacity,Rinconada Water Treatment Plant|Rinconada WTP|Valley Water Rinconada|Los Gatos WTP,SWRCB
Penitencia Water Treatment Plant,Water Treatment Plant,Penitencia WTP|Valley Water Penitencia|Milpitas WTP,Santa Clara,Valley Water,Valley Water; Milpitas; 120 MGD,Penitencia Water Treatment Plant|Penitencia WTP|Valley Water Penitencia|Milpitas WTP,SWRCB
Montevina Water Treatment Plant,Water Treatment Plant,Montevina WTP|Valley Water Montevina,Santa Clara,Valley Water,Valley Water; Los Gatos; serves west side of county,Montevina Water Treatment Plant|Montevina WTP|Valley Water Montevina,SWRCB
Los Angeles Aqueduct Filtration Plant,Water Treatment Plant,LAAFP|LAA Filtration|LA Aqueduct Filtration|LADWP Filtration Plant|Jensen/Aqueduct Filtration,Los Angeles,LADWP,LADWP; Sylmar/Foothill area; treats Owens Valley water,Los Angeles Aqueduct Filtration Plant|LAAFP|LAA Filtration|LA Aqueduct Filtration|LADWP Filtration Plant|Jensen/Aqueduct Filtration,SWRCB
Terminal Island Water Reclamation Plant,Water Treatment Plant,TIWRP|Terminal Island WRP|Terminal Island Reclamation,Los Angeles,City of Los Angeles,LADWP/City; advanced water purification; indirect potable reuse precursor,Terminal Island Water Reclamation Plant|TIWRP|Terminal Island WRP|Terminal Island Reclamation,SWRCB
Sacramento Regional Wastewater Treatment Plant,Water Treatment Plant,Sacramento Regional|Reg WTP|Sacramento Regional WTP|Regional San Treatment Plant,American River|Sacramento,Sacramento Regional County Sanitation District,Regional San; secondary treatment; discharges to Sacramento River,Sacramento Regional Wastewater Treatment Plant|Sacramento Regional|Reg WTP|Sacramento Regional WTP|Regional San Treatment Plant,SWRCB
Claude 'Bud' Lewis Carlsbad Desalination Plant,Desalination Plant,Carlsbad Desalination Plant|Poseidon Carlsbad|Carlsbad Desal|SDCWA Desal|Poseidon Water Carlsbad,San Diego,Poseidon Water / SDCWA,Largest desalination plant in the western hemisphere; 50 MGD; operational 2015; Poseidon designed/built; SDCWA contracted customer,Claude 'Bud' Lewis Carlsbad Desalination Plant|Carlsbad Desalination Plant|Poseidon Carlsbad|Carlsbad Desal|SDCWA Desal|Poseidon Water Carlsbad,SWRCB|CCC
Dana Point Ocean Desalination Project,Desalination Plant,Dana Point Desal|South Coast Water District Desal|SCWD Desal,San Diego|Santa Ana,South Coast Water District,South Orange County; in permitting/development phase,Dana Point Ocean Desalination Project|Dana Point Desal|South Coast Water District Desal|SCWD Desal,SWRCB|CCC
Monterey Peninsula Water Supply Project,Desalination Plant,Monterey Desal|MPWSP|Cal-Am Monterey Desal|Pure Water Monterey Desal,Monterey,California-American Water,Cal-Am; long-running MPUC-ordered project to replace Carmel River diversions; permitting battles ongoing,Monterey Peninsula Water Supply Project|Monterey Desal|MPWSP|Cal-Am Monterey Desal|Pure Water Monterey Desal,SWRCB|CCC
West Basin Municipal Water District Desalination,Desalination Plant,West Basin Desal|West Basin Ocean Water Program,Los Angeles,West Basin MWD,Proposed large-scale ocean desalination in El Segundo; environmental review stage,West Basin Municipal Water District Desalination|West Basin Desal|West Basin Ocean Water Program,SWRCB|CCC
Huntington Beach Desalination Plant (Proposed),Desalination Plant,Poseidon Huntington Beach|Huntington Beach Desal|AES Huntington Beach Desal,Orange County,Poseidon Water / MWDOC,Poseidon proposed project; denied by CA Coastal Commission May 2022,Huntington Beach Desalination Plant (Proposed)|Poseidon Huntington Beach|Huntington Beach Desal|AES Huntington Beach Desal,SWRCB|CCC
Santa Barbara Charles E. Meyer Desalination Plant,Desalination Plant,Santa Barbara Desal|Charles Meyer Desal|Santa Barbara Seawater Desalination,Santa Barbara,City of Santa Barbara,Originally built 1991; mothballed; reactivated 2017 during drought; 3.125 MGD,Santa Barbara Charles E. Meyer Desalination Plant|Santa Barbara Desal|Charles Meyer Desal|Santa Barbara Seawater Desalination,SWRCB|CCC
Marin Municipal Water District Desalination (Emergency),Desalination Plant,MMWD Desal|Marin Emergency Desal,Marin,MMWD,Emergency drought supply; portable barges; used during severe drought years,Marin Municipal Water District Desalination (Emergency)|MMWD Desal|Marin Emergency Desal,SWRCB|CCC
Montebello Forebay Spreading Grounds,Spreading Ground/Recharge Basin,Montebello Forebay|Rio Hondo Spreading Grounds|San Gabriel Spreading Grounds|SGVWM Forebay,San Gabriel and Lower Los Angeles Rivers and Mountains,SGVWM / LA County Flood Control,San Gabriel Valley Water Master; major groundwater recharge facility; uses imported and local surface water,Montebello Forebay Spreading Grounds|Montebello Forebay|Rio Hondo Spreading Grounds|San Gabriel Spreading Grounds|SGVWM Forebay,DWR-SGMA|LOCAL
Orange County Water District Groundwater Replenishment System,Spreading Ground/Recharge Basin,GWRS|Groundwater Replenishment System|OCWD GWRS|Advanced Water Purification Facility,Orange County,OCWD,Largest water purification project for groundwater recharge in the world; treats wastewater to drinking-water standards; 130 MGD,Orange County Water District Groundwater Replenishment System|GWRS|Groundwater Replenishment System|OCWD GWRS|Advanced Water Purification Facility,DWR-SGMA|LOCAL
Kern Water Bank,Spreading Ground/Recharge Basin,KWB|Kern Fan Element|Kern Water Bank Authority,Kern,Kern Water Bank Authority,Large-scale conjunctive use facility in Kern County; controversial privatization from DWR to Westside Landowners,Kern Water Bank|KWB|Kern Fan Element|Kern Water Bank Authority,DWR-SGMA|LOCAL
Semitropic Water Storage District Groundwater Bank,Spreading Ground/Recharge Basin,Semitropic Bank|Semitropic Groundwater Storage,Kern,Semitropic Water Storage District,Conjunctive use; stores SWP water in groundwater basin,Semitropic Water Storage District Groundwater Bank|Semitropic Bank|Semitropic Groundwater Storage,DWR-SGMA|LOCAL
Arvin-Edison Water Storage District Bank,Spreading Ground/Recharge Basin,Arvin-Edison Bank|Arvin Edison Groundwater Storage,Kern,Arvin-Edison WSD,Conjunctive use storage bank,Arvin-Edison Water Storage District Bank|Arvin-Edison Bank|Arvin Edison Groundwater Storage,DWR-SGMA|LOCAL
San Fernando Basin Spreading Grounds,Spreading Ground/Recharge Basin,San Fernando Spreading Grounds|Tujunga Spreading Grounds|LADWP Spreading Grounds,Los Angeles,LADWP,LADWP; multiple spreading grounds in San Fernando Valley; major local groundwater recharge,San Fernando Basin Spreading Grounds|San Fernando Spreading Grounds|Tujunga Spreading Grounds|LADWP Spreading Grounds,DWR-SGMA|LOCAL
Scott Valley Groundwater Recharge Projects,Spreading Ground/Recharge Basin,Scott Valley Recharge,Shasta,Scott Valley IWA,North Coast; Klamath watershed; SGMA-driven recharge projects,Scott Valley Groundwater Recharge Projects|Scott Valley Recharge,DWR-SGMA|LOCAL
San Gabriel Valley Spreading Grounds,Spreading Ground/Recharge Basin,San Gabriel Spreading|Azusa Spreading Grounds|Irwindale Spreading Grounds,San Gabriel and Lower Los Angeles Rivers and Mountains,LA County Flood Control / Water Master,Multiple facilities along San Gabriel River; operated in coordination with LA County,San Gabriel Valley Spreading Grounds|San Gabriel Spreading|Azusa Spreading Grounds|Irwindale Spreading Grounds,DWR-SGMA|LOCAL
Tulare Lake Recharge Project,Spreading Ground/Recharge Basin,Tulare Basin Recharge|Kings River Recharge|Friant Recharge,Kings|Tulare,Various irrigation districts,Series of recharge projects in SGMA critically overdrafted subbasins,Tulare Lake Recharge Project|Tulare Basin Recharge|Kings River Recharge|Friant Recharge,DWR-SGMA|LOCAL
Los Angeles River Flood Control Channel,Flood Control Channel/Structure,LA River Channel|Concrete LA River|LA River Channelization|LACFCD LA River,Los Angeles,USACE / LACFCD,Largely concrete-lined; major USACE/LA County project; ongoing restoration debate and Prop O funding,Los Angeles River Flood Control Channel|LA River Channel|Concrete LA River|LA River Channelization|LACFCD LA River,USACE
San Gabriel River Flood Control Channel,Flood Control Channel/Structure,San Gabriel Channel|SGR Flood Control|LACFCD San Gabriel,San Gabriel and Lower Los Angeles Rivers and Mountains,USACE / LACFCD,Concrete channel from Azusa to Long Beach; supports spreading ground recharge upstream,San Gabriel River Flood Control Channel|San Gabriel Channel|SGR Flood Control|LACFCD San Gabriel,USACE
Santa Ana River Flood Control Works,Flood Control Channel/Structure,SAR Flood Control|Santa Ana River Channel|OCFCD Santa Ana,Santa Ana,USACE / OCFCD,USACE Seven Oaks Dam (upstream) + channelized lower reach; OCWD uses lower reach for recharge,Santa Ana River Flood Control Works|SAR Flood Control|Santa Ana River Channel|OCFCD Santa Ana,USACE
Sacramento River Flood Control System,Flood Control Channel/Structure,Sacramento Valley Flood Control|Sacramento Weir|Sacramento Bypass|Yolo Bypass|State Bypass|Tisdale Bypass,Sacramento,DWR / USACE / CVFPB,Extensive levee/weir/bypass system; CVFPB oversees; Yolo Bypass is key floodway and wildlife area,Sacramento River Flood Control System|Sacramento Valley Flood Control|Sacramento Weir|Sacramento Bypass|Yolo Bypass|State Bypass|Tisdale Bypass,USACE
Delta Levee System,Flood Control Channel/Structure,Delta Levees|Sacramento-San Joaquin Delta Levees|Delta Islands Levees,Delta,DWR / local reclamation districts,"~1,100 miles of levees; seismic and sea level rise vulnerability central to Delta governance debates",Delta Levee System|Delta Levees|Sacramento-San Joaquin Delta Levees|Delta Islands Levees,USACE
Folsom Dam Auxiliary Spillway,Flood Control Channel/Structure,Folsom Auxiliary Spillway|Folsom Dam Modification|Folsom Joint Federal Project,American River,USBR / USACE,Completed 2017; increased flood protection for Sacramento from 100-year to ~200-year standard,Folsom Dam Auxiliary Spillway|Folsom Auxiliary Spillway|Folsom Dam Modification|Folsom Joint Federal Project,USACE
State Water Project,Water Conveyance System,SWP|California State Water Project|California Aqueduct System,all,DWR,"29 dams, 700+ miles of canals, 22 pumping plants; serves 29 water agencies; contracts with SWP contractors",State Water Project|SWP|California State Water Project|California Aqueduct System,DWR-SWP|USBR-CVP
Central Valley Project,Water Conveyance System,CVP|U.S. Bureau of Reclamation CVP|Federal Central Valley Project,Sacramento|San Joaquin|Delta|Shasta|Tehama|Colusa|Contra Costa,USBR,Federal reclamation project; largest water project in California by volume; managed under CVPIA (1992),Central Valley Project|CVP|U.S. Bureau of Reclamation CVP|Federal Central Valley Project,DWR-SWP|USBR-CVP
Hetch Hetchy Regional Water System,Water Conveyance System,Hetch Hetchy System|SFPUC Regional Water System|Hetch Hetchy Water and Power,San Joaquin|San Francisco Bay,SFPUC,SFPUC system from Yosemite to SF Bay; serves Bay Area agencies via wholesale agreements,Hetch Hetchy Regional Water System|Hetch Hetchy System|SFPUC Regional Water System|Hetch Hetchy Water and Power,DWR-SWP|USBR-CVP
Bay Delta Conservation Plan,Water Conveyance System,BDCP|Bay-Delta Conservation Plan,Delta,DWR / USBR,Predecessor planning process to Delta Conveyance Project; see California WaterFix/Peripheral Canal entries,Bay Delta Conservation Plan|BDCP|Bay-Delta Conservation Plan,DWR-SWP|USBR-CVP
Integrated Regional Water Management Program,Water Conveyance System,IRWM Program|Prop 50 IRWM|Prop 84 IRWM|Prop 1 IRWM,all,DWR,DWR grant program; not physical infrastructure but referenced as 'system' in plan documents; Prop 50/84/1 funding rounds,Integrated Regional Water Management Program|IRWM Program|Prop 50 IRWM|Prop 84 IRWM|Prop 1 IRWM,DWR-SWP|USBR-CVP
Regional Recycled Water Program,Water Conveyance System,Pure Water Program|Recycled Water Infrastructure|NPDES Recycled Water,all,Various,Statewide framework for water recycling; State Water Board direct potable reuse regulations finalized 2023,Regional Recycled Water Program|Pure Water Program|Recycled Water Infrastructure|NPDES Recycled Water,DWR-SWP|USBR-CVP
Pure Water San Diego,Water Recycling Facility,Pure Water San Diego Program|PWSD|City of San Diego Pure Water|North City Water Reclamation Plant,San Diego,City of San Diego,DPR (direct potable reuse) program; targets 30% of supply from recycled water by 2035,Pure Water San Diego|Pure Water San Diego Program|PWSD|City of San Diego Pure Water|North City Water Reclamation Plant,SWRCB
Pure Water Southern California,Water Recycling Facility,PWSC|MWD Pure Water|Metropolitan Pure Water,Los Angeles|Inland Empire|San Diego|Orange County,MWD,Large-scale regional recycled water program; up to 150 MGD; under development,Pure Water Southern California|PWSC|MWD Pure Water|Metropolitan Pure Water,SWRCB
West Basin Municipal Water District Recycled Water Facility,Water Recycling Facility,West Basin Recycled Water|Edward C. Little Water Recycling Facility|West Basin Recycling,Los Angeles,West Basin MWD,Edward C. Little facility; produces five grades of recycled water; industrial use focus,West Basin Municipal Water District Recycled Water Facility|West Basin Recycled Water|Edward C. Little Water Recycling Facility|West Basin Recycling,SWRCB
Inland Empire Utilities Agency Recycled Water Program,Water Recycling Facility,IEUA Recycled Water|RP-1|RP-4|IEUA Water Recycling,Inland Empire,IEUA,Multiple recycled water facilities; IEUA a regional leader in water recycling,Inland Empire Utilities Agency Recycled Water Program|IEUA Recycled Water|RP-1|RP-4|IEUA Water Recycling,SWRCB
Silicon Valley Advanced Water Purification Center,Water Recycling Facility,SVAWPC|Silicon Valley Pure Water|Valley Water Purification Center|SCVWD AWPC,Santa Clara,Valley Water / Santa Clara,Advanced treatment for indirect potable reuse via groundwater recharge,Silicon Valley Advanced Water Purification Center|SVAWPC|Silicon Valley Pure Water|Valley Water Purification Center|SCVWD AWPC,SWRCB
Delta Diablo Sanitation District Advanced Treatment,Water Recycling Facility,Delta Diablo Recycled Water,Diablo,Delta Diablo,Contra Costa County; recycled water for irrigation and industrial uses,Delta Diablo Sanitation District Advanced Treatment|Delta Diablo Recycled Water,SWRCB
Shasta Power Plant,Hydropower Facility,Shasta Dam Powerplant|Keswick Dam,Shasta,USBR / Pacific Gas and Electric,CVP; Shasta Dam powerhouse + Keswick regulating dam below,Shasta Power Plant|Shasta Dam Powerplant|Keswick Dam,FERC
Edward Hyatt Powerplant,Hydropower Facility,Hyatt Powerplant|Oroville Powerplant|Oroville Hydroelectric,Feather River,DWR,SWP; underground powerhouse at Oroville Dam; 819 MW capacity,Edward Hyatt Powerplant|Hyatt Powerplant|Oroville Powerplant|Oroville Hydroelectric,FERC
Helms Pumped Storage Project,Hydropower Facility,Helms|PG&E Helms|Helms Powerhouse|Kings River Helms,San Joaquin,Pacific Gas and Electric,"PG&E; pumped-storage hydro; 1,212 MW; Kings River watershed",Helms Pumped Storage Project|Helms|PG&E Helms|Helms Powerhouse|Kings River Helms,FERC
Hetch Hetchy Power System,Hydropower Facility,SFPUC Power|Moccasin Powerhouse|Cherry Valley Powerhouse,San Joaquin,SFPUC,SFPUC generates hydropower as co-benefit of water conveyance,Hetch Hetchy Power System|SFPUC Power|Moccasin Powerhouse|Cherry Valley Powerhouse,FERC
Warm Springs Dam,Dam,Warm Springs|Lake Sonoma Dam|SCWA Warm Springs,Russian River|North Bay,USACE / Sonoma County Water Agency,USACE; completed 1983; Lake Sonoma; major water supply for Sonoma/Marin counties,Warm Springs Dam|Warm Springs|Lake Sonoma Dam|SCWA Warm Springs,USACE
Coyote Valley Dam,Dam,Coyote Valley|Lake Mendocino Dam,Russian River|North Bay,USACE / Mendocino County Russian River Flood Control,USACE; Lake Mendocino; East Fork Russian River; water supply and flood control,Coyote Valley Dam|Coyote Valley|Lake Mendocino Dam,USACE
Van Arsdale Dam,Dam,Van Arsdale|Potter Valley Diversion|Potter Valley Project Dam,Russian River|North Coast,PG&E / Potter Valley Irrigation District,Potter Valley Project; diverts Eel River water to Russian River; FERC license dispute; decommissioning underway,Van Arsdale Dam|Van Arsdale|Potter Valley Diversion|Potter Valley Project Dam,USACE
Ruth Dam,Dam,Ruth|Lake Ruth Dam|Mad River Dam,North Coast,Humboldt Bay Municipal Water District,HBMWD; Mad River; primary storage for Humboldt Bay area,Ruth Dam|Ruth|Lake Ruth Dam|Mad River Dam,USACE
Pillsbury Dam,Dam,Pillsbury|Lake Pillsbury Dam|Scott Dam|PG&E Eel River,North Coast,PG&E,PG&E Potter Valley Project; blocks eel lamprey passage on Eel River; decommissioning process ongoing,Pillsbury Dam|Pillsbury|Lake Pillsbury Dam|Scott Dam|PG&E Eel River,USACE
Black Butte Dam,Dam,Black Butte|Black Butte Lake Dam|Stony Creek Dam (USACE),North Sacramento Valley,USACE,USACE; Stony Creek; Black Butte Lake; Tehama/Glenn counties; flood control and water conservation,Black Butte Dam|Black Butte|Black Butte Lake Dam|Stony Creek Dam (USACE),USACE
Stony Gorge Dam,Dam,Stony Gorge|East Park Reservoir Dam,North Sacramento Valley,USBR,CVP; Stony Creek; two separate dams (Stony Gorge and East Park) forming CVP Glenn-Colusa unit,Stony Gorge Dam|Stony Gorge|East Park Reservoir Dam,USACE
Englebright Dam,Dam,Englebright|Englebright Lake Dam|Yuba River Dam (USACE),Feather River|North Sacramento Valley,USACE,USACE; Yuba River; traps sediment above confluence with Feather River; fish passage barrier,Englebright Dam|Englebright|Englebright Lake Dam|Yuba River Dam (USACE),USACE
New Bullards Bar Dam,Dam,New Bullards Bar|Bullards Bar Dam|New Bullards Bar Reservoir Dam|YCWA Dam,Feather River,Yuba County Water Agency,"YCWA; North Yuba River; 967,000 AF capacity; hydropower; flood control",New Bullards Bar Dam|New Bullards Bar|Bullards Bar Dam|New Bullards Bar Reservoir Dam|YCWA Dam,USACE
Thermalito Diversion Dam,Dam,Thermalito|Thermalito Diversion|Oroville-Thermalito Complex,Feather River,DWR,DWR; part of Oroville-Thermalito Complex; diverts Feather River flows for irrigation and power,Thermalito Diversion Dam|Thermalito|Thermalito Diversion|Oroville-Thermalito Complex,USACE
Daguerre Point Dam,Dam,Daguerre Point|Daguerre|Yuba River Diversion Dam,Feather River,USBR,CVP; Yuba River diversion; fish ladder; sediment management issues,Daguerre Point Dam|Daguerre Point|Daguerre|Yuba River Diversion Dam,USACE
Nimbus Dam,Dam,Nimbus|Nimbus Reservoir Dam|Lake Natoma Dam|American River Diversion Dam,American River,USBR,CVP; reregulating reservoir below Folsom Dam; Lake Natoma; American River Parkway,Nimbus Dam|Nimbus|Nimbus Reservoir Dam|Lake Natoma Dam|American River Diversion Dam,USACE
Rollins Dam,Dam,Rollins|Rollins Reservoir Dam|Bear River Dam,American River,Nevada Irrigation District,NID; Bear River; Nevada County water supply,Rollins Dam|Rollins|Rollins Reservoir Dam|Bear River Dam,USACE
Combie Dam,Dam,Combie|Lake Combie Dam,American River,Nevada Irrigation District,NID; Bear River below Rollins; Nevada/Placer counties,Combie Dam|Combie|Lake Combie Dam,USACE
Camp Far West Dam,Dam,Camp Far West|Camp Far West Reservoir Dam,American River,South Sutter Water District / Placer County Water Agency,Bear River; serves Sutter and Placer county irrigation,Camp Far West Dam|Camp Far West|Camp Far West Reservoir Dam,USACE
Salt Springs Dam,Dam,Salt Springs|Salt Springs Reservoir Dam|Mokelumne River Dam (PG&E),Mokelumne,PG&E,PG&E; North Fork Mokelumne; hydropower,Salt Springs Dam|Salt Springs|Salt Springs Reservoir Dam|Mokelumne River Dam (PG&E),USACE
Tulloch Dam,Dam,Tulloch|Lake Tulloch Dam|Stanislaus River Dam (Tri-Dam),Stanislaus,Oakdale ID / South San Joaquin ID,Tri-Dam Project; Stanislaus River; regulating reservoir below New Melones,Tulloch Dam|Tulloch|Lake Tulloch Dam|Stanislaus River Dam (Tri-Dam),USACE
Donnells Dam,Dam,Donnells|Donnells Reservoir Dam,Stanislaus,Oakdale ID / South San Joaquin ID,Middle Fork Stanislaus River; part of Tri-Dam complex,Donnells Dam|Donnells|Donnells Reservoir Dam,USACE
Beardsley Dam,Dam,Beardsley|Beardsley Reservoir Dam,Stanislaus,Oakdale ID / South San Joaquin ID,Stanislaus River; part of Tri-Dam complex,Beardsley Dam|Beardsley|Beardsley Reservoir Dam,USACE
New Exchequer Dam,Dam,New Exchequer|Lake McClure Dam|Merced River Dam,Merced,Merced Irrigation District,MID; Merced River; Lake McClure; largest reservoir in MID system; hydropower,New Exchequer Dam|New Exchequer|Lake McClure Dam|Merced River Dam,USACE
Buchanan Dam,Dam,Buchanan|Hensley Lake Dam|Eastman Lake Dam|H.V. Eastman Dam,Merced,USACE,USACE; two separate dams: Buchanan (Hensley Lake on Chowchilla River) and H.V. Eastman (Eastman Lake on Fresno River),Buchanan Dam|Buchanan|Hensley Lake Dam|Eastman Lake Dam|H.V. Eastman Dam,USACE
La Grange Dam,Dam,La Grange|La Grange Diversion Dam|Tuolumne River Diversion,Tuolumne,Turlock ID / Modesto ID,Low diversion dam on Tuolumne River; TID/MID; salmonid passage issues,La Grange Dam|La Grange|La Grange Diversion Dam|Tuolumne River Diversion,USACE
Crystal Springs Dam,Dam,Crystal Springs|Crystal Springs Reservoir Dam|San Mateo Dam,San Francisco Bay,SFPUC,SFPUC; San Mateo County; one of first major concrete dams (1888/1890); San Mateo Creek,Crystal Springs Dam|Crystal Springs|Crystal Springs Reservoir Dam|San Mateo Dam,USACE
San Pablo Dam,Dam,San Pablo|San Pablo Reservoir Dam,East Bay,EBMUD,EBMUD; Contra Costa County; off-stream storage from Mokelumne Aqueduct,San Pablo Dam|San Pablo|San Pablo Reservoir Dam,USACE
Upper San Leandro Dam,Dam,Upper San Leandro|Lake Chabot Dam|Chabot Dam,East Bay,EBMUD,EBMUD; San Leandro Creek; Lake Chabot; oldest EBMUD reservoir (1875),Upper San Leandro Dam|Upper San Leandro|Lake Chabot Dam|Chabot Dam,USACE
Lafayette Reservoir Dam,Dam,Lafayette Reservoir|Lafayette Dam,East Bay,EBMUD,EBMUD; Contra Costa County; off-stream storage,Lafayette Reservoir Dam|Lafayette Reservoir|Lafayette Dam,USACE
Briones Reservoir Dam,Dam,Briones|Briones Reservoir,East Bay,EBMUD,EBMUD; Contra Costa County; largest EBMUD local storage reservoir,Briones Reservoir Dam|Briones|Briones Reservoir,USACE
Lexington Dam,Dam,Lexington|Lexington Reservoir Dam|Los Gatos Creek Dam,Santa Clara,Valley Water,Valley Water; Los Gatos Creek; active seismic concerns; partial reductions in storage,Lexington Dam|Lexington|Lexington Reservoir Dam|Los Gatos Creek Dam,USACE
Calero Reservoir Dam,Dam,Calero|Calero Reservoir,Santa Clara,Valley Water,Valley Water; Calero Creek / Arroyo Calero; Santa Clara County,Calero Reservoir Dam|Calero|Calero Reservoir,USACE
Chesbro Reservoir Dam,Dam,Chesbro|Chesbro Reservoir,Santa Clara,Valley Water,Valley Water; Llagas Creek; Santa Clara County,Chesbro Reservoir Dam|Chesbro|Chesbro Reservoir,USACE
Uvas Reservoir Dam,Dam,Uvas|Uvas Reservoir,Santa Clara,Valley Water,Valley Water; Uvas Creek; Santa Clara County,Uvas Reservoir Dam|Uvas|Uvas Reservoir,USACE
Stevens Creek Reservoir Dam,Dam,Stevens Creek|Stevens Creek Reservoir,Santa Clara,Valley Water,Valley Water; Stevens Creek; Santa Clara County,Stevens Creek Reservoir Dam|Stevens Creek|Stevens Creek Reservoir,USACE
Almaden Reservoir Dam,Dam,Almaden|Lake Almaden Dam|Almaden Reservoir,Santa Clara,Valley Water,Valley Water; Almaden Creek; Santa Clara County,Almaden Reservoir Dam|Almaden|Lake Almaden Dam|Almaden Reservoir,USACE
Nicasio Dam,Dam,Nicasio|Nicasio Reservoir Dam,North Bay,Marin Municipal Water District,MMWD; Nicasio Creek; Marin County; key MMWD storage reservoir,Nicasio Dam|Nicasio|Nicasio Reservoir Dam,USACE
Kent Lake Dam,Dam,Kent Lake|Lagunitas Dam|Alpine Lake Dam|Bon Tempe Dam|MMWD Lagunitas Dams,North Bay,Marin Municipal Water District,"MMWD; Lagunitas Creek watershed; four-dam system (Kent, Alpine, Bon Tempe, Lagunitas) on critical coho habitat",Kent Lake Dam|Kent Lake|Lagunitas Dam|Alpine Lake Dam|Bon Tempe Dam|MMWD Lagunitas Dams,USACE
Cachuma Dam,Dam,Cachuma|Lake Cachuma Dam|Bradbury Dam,Santa Barbara,USBR / Santa Barbara County Water Agency,USBR; Santa Ynez River; Lake Cachuma; primary surface water supply for south Santa Barbara County; steelhead passage issue,Cachuma Dam|Cachuma|Lake Cachuma Dam|Bradbury Dam,USACE
Casitas Dam,Dam,Casitas|Lake Casitas Dam,Ventura County,Casitas Municipal Water District,USBR/Casitas MWD; Coyote Creek; Ventura County; only surface water supply for much of Ventura County,Casitas Dam|Casitas|Lake Casitas Dam,USACE
Matilija Dam,Dam,Matilija|Matilija Creek Dam,Ventura County,Ventura County Watershed Protection District,Built 1947; filled with sediment; removal under planning for steelhead restoration; major sediment management challenge,Matilija Dam|Matilija|Matilija Creek Dam,USACE
Loch Lomond Reservoir Dam,Dam,Loch Lomond|Loch Lomond Reservoir|Newell Creek Dam,Santa Cruz,City of Santa Cruz,Santa Cruz Water Dept; Newell Creek; primary surface water storage for city of Santa Cruz,Loch Lomond Reservoir Dam|Loch Lomond|Loch Lomond Reservoir|Newell Creek Dam,USACE
Zayante Dam,Dam,Zayante|Lake Zayante Dam,Santa Cruz,San Lorenzo Valley Water District,SLVWD; Zayante Creek; Santa Cruz County; drought-vulnerable small reservoir,Zayante Dam|Zayante|Lake Zayante Dam,USACE
Nacimiento Dam,Dam,Nacimiento|Lake Nacimiento Dam,Salinas Valley|Central Coast,Monterey County Water Resources Agency,MCWRA; Nacimiento River (San Luis Obispo/Monterey); water supply and Salinas Valley conjunctive use,Nacimiento Dam|Nacimiento|Lake Nacimiento Dam,USACE
San Antonio Dam (Salinas),Dam,San Antonio Dam Salinas|Lake San Antonio Dam|San Antonio Salinas River Dam,Salinas Valley,Monterey County Water Resources Agency,MCWRA; San Antonio River; Note: distinct from Santa Clara Valley San Antonio Reservoir (SFPUC),San Antonio Dam (Salinas)|San Antonio Dam Salinas|Lake San Antonio Dam|San Antonio Salinas River Dam,USACE
Lopez Dam,Dam,Lopez|Lopez Lake Dam|Arroyo Grande Creek Dam,Central Coast,San Luis Obispo County Flood Control,SLO County; Arroyo Grande Creek; Lopez Lake; primary surface water storage for Arroyo Grande/Oceano area,Lopez Dam|Lopez|Lopez Lake Dam|Arroyo Grande Creek Dam,USACE
Diamond Valley Lake Dam,Dam,Diamond Valley Lake|DVL Dam|Domenigoni Valley Reservoir Dam|Eastside Reservoir Dam,Western Riverside,MWD,"MWD; largest reservoir in Southern CA; 810,000 AF capacity; completed 1999; strategic storage",Diamond Valley Lake Dam|Diamond Valley Lake|DVL Dam|Domenigoni Valley Reservoir Dam|Eastside Reservoir Dam,USACE
Lake Mathews Dam,Dam,Lake Mathews|Lake Matthews Dam|MWD Mathews,Western Riverside,MWD,MWD; Colorado River Aqueduct terminal reservoir; Riverside County,Lake Mathews Dam|Lake Mathews|Lake Matthews Dam|MWD Mathews,USACE
Lake Skinner Dam,Dam,Lake Skinner|Skinner Reservoir Dam|WMWD Lake Skinner,Western Riverside,MWD / Western Municipal Water District,MWD/WMWD; Temecula Creek watershed; treated water storage near Skinner WTP,Lake Skinner Dam|Lake Skinner|Skinner Reservoir Dam|WMWD Lake Skinner,USACE
Big Tujunga Dam,Dam,Big Tujunga|Big Tujunga Reservoir Dam,Los Angeles,USACE / LACFCD,USACE; Big Tujunga Wash; San Gabriel Mountains; flood control and groundwater recharge,Big Tujunga Dam|Big Tujunga|Big Tujunga Reservoir Dam,USACE
Cogswell Dam,Dam,Cogswell|Cogswell Reservoir Dam|West Fork San Gabriel River Dam,San Gabriel and Lower Los Angeles Rivers and Mountains,USACE / LACFCD,USACE; West Fork San Gabriel River; flood control and groundwater recharge,Cogswell Dam|Cogswell|Cogswell Reservoir Dam|West Fork San Gabriel River Dam,USACE
San Gabriel Dam,Dam,San Gabriel Dam No. 1|San Gabriel Reservoir Dam|Morris Dam,San Gabriel and Lower Los Angeles Rivers and Mountains,USACE / LACFCD,USACE; San Gabriel River; San Gabriel Reservoir; flood control; supports spreading ground recharge,San Gabriel Dam|San Gabriel Dam No. 1|San Gabriel Reservoir Dam|Morris Dam,USACE
Pacoima Dam,Dam,Pacoima|Pacoima Reservoir Dam,Los Angeles,LA County Flood Control,"LACFCD; Pacoima Wash; flood control and groundwater recharge, San Fernando Valley",Pacoima Dam|Pacoima|Pacoima Reservoir Dam,USACE
Santa Fe Dam,Dam,Santa Fe|Santa Fe Reservoir Dam|Santa Fe Flood Control Basin,San Gabriel and Lower Los Angeles Rivers and Mountains,USACE / LACFCD,USACE; San Gabriel River; Irwindale; flood control; supports Montebello Forebay recharge,Santa Fe Dam|Santa Fe|Santa Fe Reservoir Dam|Santa Fe Flood Control Basin,USACE
Puddingstone Dam,Dam,Puddingstone|Puddingstone Reservoir Dam|Raging Waters Dam,San Gabriel and Lower Los Angeles Rivers and Mountains,USACE / LA County,USACE/LA County; San Jose Creek; Frank G. Bonelli Regional Park,Puddingstone Dam|Puddingstone|Puddingstone Reservoir Dam|Raging Waters Dam,USACE
Silverwood Lake Dam,Dam,Silverwood|Silverwood Lake|Cedar Springs Dam,Inland Empire,DWR,SWP East Branch; off-stream storage; San Bernardino County,Silverwood Lake Dam|Silverwood|Silverwood Lake|Cedar Springs Dam,USACE
Lake Elsinore Dam,Dam,Lake Elsinore|Elsinore Dam,Santa Ana,Elsinore Valley Municipal Water District,EVMWD; natural lake with outlet control; Riverside County,Lake Elsinore Dam|Lake Elsinore|Elsinore Dam,USACE
Vail Dam,Dam,Vail|Vail Lake Dam|Pauba Valley Dam,Western Riverside,Rancho California Water District,RCWD; Temecula Creek; Riverside County; water supply for Temecula Valley,Vail Dam|Vail|Vail Lake Dam|Pauba Valley Dam,USACE
Lake Hemet Dam,Dam,Lake Hemet|Lake Hemet Dam|San Jacinto River Dam,Western Riverside,Lake Hemet Municipal Water District,LHMWD; San Jacinto River; Riverside County,Lake Hemet Dam|Lake Hemet|San Jacinto River Dam,USACE
El Capitan Dam,Dam,El Capitan|El Capitan Reservoir Dam,San Diego,City of San Diego,City of San Diego; San Diego River; El Capitan Reservoir; major storage reservoir,El Capitan Dam|El Capitan|El Capitan Reservoir Dam,USACE
San Vicente Dam,Dam,San Vicente|San Vicente Reservoir Dam,San Diego,City of San Diego / SDCWA,"City of San Diego; Sycamore Creek; raised 2014 (SDCWA Emergency Storage Project) to 242,000 AF",San Vicente Dam|San Vicente|San Vicente Reservoir Dam,USACE
Barrett Dam,Dam,Barrett|Barrett Lake Dam|Cottonwood Creek Dam,San Diego,City of San Diego,City of San Diego; Cottonwood Creek; Barrett Lake; southernmost major reservoir,Barrett Dam|Barrett|Barrett Lake Dam|Cottonwood Creek Dam,USACE
Morena Dam,Dam,Morena|Lake Morena Dam,San Diego,City of San Diego,City of San Diego; Cottonwood Creek upstream of Barrett; drought-prone,Morena Dam|Morena|Lake Morena Dam,USACE
Sutherland Dam,Dam,Sutherland|Sutherland Reservoir Dam|Santa Ysabel Creek Dam,San Diego,City of San Diego,City of San Diego; Santa Ysabel Creek; rarely fills,Sutherland Dam|Sutherland|Sutherland Reservoir Dam|Santa Ysabel Creek Dam,USACE
Sweetwater Dam,Dam,Sweetwater|Sweetwater Reservoir Dam,San Diego,Sweetwater Authority,Sweetwater Authority; Sweetwater River; Chula Vista; serves South Bay,Sweetwater Dam|Sweetwater|Sweetwater Reservoir Dam,USACE
Loveland Dam,Dam,Loveland|Loveland Reservoir Dam,San Diego,Sweetwater Authority,Sweetwater Authority; upstream reservoir on Sweetwater River,Loveland Dam|Loveland|Loveland Reservoir Dam,USACE
Hodges Dam,Dam,Hodges|Lake Hodges Dam|San Dieguito River Dam,San Diego,City of San Diego / Santa Fe Irrigation District,City of San Diego/SFID; San Dieguito River; Lake Hodges; pumped storage added 2012,Hodges Dam|Hodges|Lake Hodges Dam|San Dieguito River Dam,USACE
Henshaw Dam,Dam,Henshaw|Lake Henshaw Dam|San Luis Rey River Dam,San Diego,Vista Irrigation District / Rainbow Municipal Water District,VID/RMWD; San Luis Rey River; Warner Valley; sedimentation a major issue,Henshaw Dam|Henshaw|Lake Henshaw Dam|San Luis Rey River Dam,USACE
Olivenhain Dam,Dam,Olivenhain|Olivenhain Reservoir Dam|SDCWA Olivenhain,San Diego,SDCWA / Olivenhain Municipal Water District,SDCWA/OMWD; Olivenhain Creek; roller-compacted concrete; completed 2003; Emergency Storage Project,Olivenhain Dam|Olivenhain|Olivenhain Reservoir Dam|SDCWA Olivenhain,USACE
Miramar Reservoir Dam,Dam,Miramar|Miramar Reservoir,San Diego,City of San Diego,City of San Diego; Peñasquitos Creek; within MCAS Miramar; treated water storage,Miramar Reservoir Dam|Miramar|Miramar Reservoir,USACE
Lower Otay Dam,Dam,Lower Otay|Lower Otay Reservoir Dam|Savage Dam,San Diego,City of San Diego,City of San Diego; Otay River; also known as Savage Dam; receives imported Colorado River water,Lower Otay Dam|Lower Otay|Lower Otay Reservoir Dam|Savage Dam,USACE
Davis Dam,Dam,Davis|Davis Dam|Lake Mohave Dam,Colorado River,USBR,USBR; Colorado River; Lake Mohave; downstream regulation below Hoover Dam,Davis Dam|Davis|Lake Mohave Dam,USACE
Imperial Dam,Dam,Imperial|All-American Canal Diversion Dam,Colorado River|Imperial,USBR / IID,USBR/IID; diversion dam for All-American Canal and Coachella Canal; no significant storage,Imperial Dam|Imperial|All-American Canal Diversion Dam,USACE
Long Valley Dam,Dam,Long Valley|Crowley Lake Dam|Mono Craters Tunnel Dam,Inyo-Mono,LADWP,LADWP; Long Valley Caldera; Crowley Lake; primary storage for LADWP Mono Basin extension,Long Valley Dam|Long Valley|Crowley Lake Dam|Mono Craters Tunnel Dam,USACE
Grant Lake Dam,Dam,Grant Lake|Rush Creek Dam,Inyo-Mono,LADWP,LADWP; Rush Creek; Mono Basin; diverts Mono Basin water to Owens Valley Aqueduct,Grant Lake Dam|Grant Lake|Rush Creek Dam,USACE
Tinemaha Dam,Dam,Tinemaha|Tinemaha Reservoir Dam,Inyo-Mono|Owens Valley,LADWP,LADWP; Owens River; regulatory storage on LA Aqueduct system,Tinemaha Dam|Tinemaha|Tinemaha Reservoir Dam,USACE
Woollomes Dam,Dam,Woollomes|Lake Woollomes Dam,Kern County,Kern County Water Agency,KCWA; off-stream storage; Kern River floodwater capture,Woollomes Dam|Woollomes|Lake Woollomes Dam,USACE
Lake Webb Dam,Dam,Lake Webb|Lake Webb Dam|KCWA Aqueduct Storage,Kern County,Kern County Water Agency,KCWA; off-stream storage connected to California Aqueduct,Lake Webb Dam|Lake Webb|KCWA Aqueduct Storage,USACE
