feature_name,feature_type,aliases,irwm_region,hydrologic_region,notes,source,all_names
Klamath River,River / Stream,Klamath|Klamath River Basin|Lower Klamath|Upper Klamath,North Coast|Klamath Basin,NorthCoast,Second largest river in CA by volume; drains Klamath Mountains; 4 dams removed 2023-2024,USGS-NHD|SWRCB,Klamath River|Klamath|Klamath River Basin|Lower Klamath|Upper Klamath
Trinity River,River / Stream,Trinity|Trinity River Basin|South Fork Trinity|North Fork Trinity,North Coast|Klamath Basin,NorthCoast,Major tributary to Klamath River; water diverted to Central Valley via CVP Trinity Division,USGS-NHD|SWRCB,Trinity River|Trinity|Trinity River Basin|South Fork Trinity|North Fork Trinity
Smith River,River / Stream,Smith River|Smith River National Recreation Area,North Coast,NorthCoast,Only major undammed river in California; Del Norte County,USGS-NHD|SWRCB,Smith River|Smith River National Recreation Area
Eel River,River / Stream,Eel River|South Fork Eel|Middle Fork Eel|North Fork Eel|Van Duzen River,North Coast,NorthCoast,Third largest river in CA by flow; Humboldt/Mendocino counties; historically diverted to Russian River,USGS-NHD|SWRCB,Eel River|South Fork Eel|Middle Fork Eel|North Fork Eel|Van Duzen River
Mad River,River / Stream,Mad River|Mad River Slough,North Coast,NorthCoast,Humboldt County; supplies Humboldt Bay Municipal Water District,USGS-NHD|SWRCB,Mad River|Mad River Slough
Mattole River,River / Stream,Mattole River|Mattole,North Coast,NorthCoast,Humboldt/Mendocino counties; lost coho salmon runs,USGS-NHD|SWRCB,Mattole River|Mattole
Van Duzen River,River / Stream,Van Duzen River|Van Duzen,North Coast,NorthCoast,Tributary to lower Eel River,USGS-NHD|SWRCB,Van Duzen River|Van Duzen
Redwood Creek,River / Stream,Redwood Creek,North Coast,NorthCoast,Humboldt County; Redwood National Park,USGS-NHD|SWRCB,Redwood Creek
Shasta River,River / Stream,Shasta River|Shasta River Basin,Klamath Basin|North Sacramento Valley,NorthCoast,Siskiyou County; Klamath tributary; important for coho salmon recovery,USGS-NHD|SWRCB,Shasta River|Shasta River Basin
Scott River,River / Stream,Scott River|Scott Valley|Scott River Basin,Klamath Basin,NorthCoast,Siskiyou County; Klamath tributary; active SGMA groundwater adjudication,USGS-NHD|SWRCB,Scott River|Scott Valley|Scott River Basin
Russian River,River / Stream,Russian River|Russian River Basin|Russian River Watershed|Lower Russian River|Upper Russian River,Russian River|North Bay,NorthCoast,"Mendocino/Sonoma counties; supplies ~600,000 people in North Bay; Eel River diversion",USGS-NHD|SWRCB,Russian River|Russian River Basin|Russian River Watershed|Lower Russian River|Upper Russian River
Navarro River,River / Stream,Navarro River|Navarro,North Coast,NorthCoast,Mendocino County; Anderson Valley,USGS-NHD|SWRCB,Navarro River|Navarro
Noyo River,River / Stream,Noyo River|Noyo,North Coast,NorthCoast,Mendocino County; Fort Bragg,USGS-NHD|SWRCB,Noyo River|Noyo
Garcia River,River / Stream,Garcia River|Garcia,North Coast,NorthCoast,Mendocino County; Point Arena,USGS-NHD|SWRCB,Garcia River|Garcia
Gualala River,River / Stream,Gualala River|Gualala,North Coast,NorthCoast,Sonoma/Mendocino county line,USGS-NHD|SWRCB,Gualala River|Gualala
Napa River,River / Stream,Napa River|Napa River Watershed,North Bay,SanFranciscoBay,Napa County; active flood control management; Napa River/Napa Creek Flood Project,USGS-NHD|SWRCB,Napa River|Napa River Watershed
Petaluma River,River / Stream,Petaluma River|Petaluma Creek|Petaluma River Watershed,North Bay,SanFranciscoBay,Sonoma County; tidal to Petaluma,USGS-NHD|SWRCB,Petaluma River|Petaluma Creek|Petaluma River Watershed
Sonoma Creek,River / Stream,Sonoma Creek|Sonoma Creek Watershed,North Bay,SanFranciscoBay,Sonoma County,USGS-NHD|SWRCB,Sonoma Creek|Sonoma Creek Watershed
Lagunitas Creek,River / Stream,Lagunitas Creek|Paper Mill Creek|Lagunitas|Lagunitas Creek Watershed,North Bay,SanFranciscoBay,Marin County; critical coho and steelhead habitat; Marin Municipal Water District supply,USGS-NHD|SWRCB,Lagunitas Creek|Paper Mill Creek|Lagunitas|Lagunitas Creek Watershed
Corte Madera Creek,River / Stream,Corte Madera Creek|Corte Madera Creek Watershed,North Bay,SanFranciscoBay,Marin County; Ross Valley flood management,USGS-NHD|SWRCB,Corte Madera Creek|Corte Madera Creek Watershed
San Rafael Creek,River / Stream,San Rafael Creek,North Bay,SanFranciscoBay,Marin County,USGS-NHD|SWRCB,San Rafael Creek
Alameda Creek,River / Stream,Alameda Creek|Alameda Creek Watershed|Arroyo de la Laguna|Arroyo Mocho,East Bay,SanFranciscoBay,Largest watershed draining into San Francisco Bay from East Bay; ACWD supply,USGS-NHD|SWRCB,Alameda Creek|Alameda Creek Watershed|Arroyo de la Laguna|Arroyo Mocho
San Lorenzo Creek,River / Stream,San Lorenzo Creek|San Lorenzo Creek Watershed,East Bay,SanFranciscoBay,Alameda County,USGS-NHD|SWRCB,San Lorenzo Creek|San Lorenzo Creek Watershed
Walnut Creek,River / Stream,Walnut Creek|Walnut Creek Watershed|Arroyo de las Nueces,East Bay|East Contra Costa County,SanFranciscoBay,Contra Costa County,USGS-NHD|SWRCB,Walnut Creek|Walnut Creek Watershed|Arroyo de las Nueces
San Leandro Creek,River / Stream,San Leandro Creek|San Leandro Creek Watershed,East Bay,SanFranciscoBay,Alameda County; Upper San Leandro Reservoir,USGS-NHD|SWRCB,San Leandro Creek|San Leandro Creek Watershed
Guadalupe River,River / Stream,Guadalupe River|Guadalupe River Watershed,Santa Clara Valley,SanFranciscoBay,Santa Clara County; flows through downtown San Jose; Valley Water flood management,USGS-NHD|SWRCB,Guadalupe River|Guadalupe River Watershed
Coyote Creek,River / Stream,Coyote Creek|Coyote Creek Watershed|Upper Coyote Creek|Lower Coyote Creek,Santa Clara Valley|East Bay,SanFranciscoBay,Santa Clara/Alameda counties; Anderson and Coyote reservoirs,USGS-NHD|SWRCB,Coyote Creek|Coyote Creek Watershed|Upper Coyote Creek|Lower Coyote Creek
Stevens Creek,River / Stream,Stevens Creek|Stevens Creek Watershed,Santa Clara Valley,SanFranciscoBay,Santa Clara County; Stevens Creek Reservoir,USGS-NHD|SWRCB,Stevens Creek|Stevens Creek Watershed
San Francisquito Creek,River / Stream,San Francisquito Creek|San Francisquito Creek Watershed,Santa Clara Valley|Bay Area,SanFranciscoBay,Santa Clara/San Mateo counties; frequent flooding; JPA managing restoration,USGS-NHD|SWRCB,San Francisquito Creek|San Francisquito Creek Watershed
Permanente Creek,River / Stream,Permanente Creek|Permanente Creek Watershed,Santa Clara Valley,SanFranciscoBay,Santa Clara County,USGS-NHD|SWRCB,Permanente Creek|Permanente Creek Watershed
Sacramento River,River / Stream,Sacramento River|Sacramento River Basin|Upper Sacramento River|Lower Sacramento River|Sacramento River Watershed,North Sacramento Valley|Sacramento Valley|Sacramento-San Joaquin Delta,Sacramento,Largest river in CA by volume and drainage area; 382 miles; principal tributary of the Delta,USGS-NHD|SWRCB,Sacramento River|Sacramento River Basin|Upper Sacramento River|Lower Sacramento River|Sacramento River Watershed
Pit River,River / Stream,Pit River|Pit River Basin|Pit River Watershed|Fall River|Hat Creek,North Sacramento Valley|Klamath Basin,Sacramento,Largest tributary to Sacramento River; Shasta/Modoc/Lassen counties; PG&E hydroelectric complex,USGS-NHD|SWRCB,Pit River|Pit River Basin|Pit River Watershed|Fall River|Hat Creek
McCloud River,River / Stream,McCloud River|McCloud River Basin|McCloud,North Sacramento Valley,Sacramento,Shasta County; sacred to Winnemem Wintu; upper Sacramento River tributary,USGS-NHD|SWRCB,McCloud River|McCloud River Basin|McCloud
Feather River,River / Stream,Feather River|Feather River Basin|Feather River Watershed|North Fork Feather|Middle Fork Feather|South Fork Feather|West Branch Feather,Feather River|North Sacramento Valley,Sacramento,Largest tributary to Sacramento River; Lake Oroville; State Water Project origin,USGS-NHD|SWRCB,Feather River|Feather River Basin|Feather River Watershed|North Fork Feather|Middle Fork Feather|South Fork Feather|West Branch Feather
Yuba River,River / Stream,Yuba River|Yuba River Basin|Yuba River Watershed|North Yuba|South Yuba|Middle Yuba,CABY|Feather River,Sacramento,Feather River tributary; Nevada/Yuba/Sierra counties; Englebright and New Bullards Bar dams,USGS-NHD|SWRCB,Yuba River|Yuba River Basin|Yuba River Watershed|North Yuba|South Yuba|Middle Yuba
Bear River,River / Stream,Bear River|Bear River Watershed,CABY|American River Basin,Sacramento,Sacramento River tributary via Feather; Nevada/Placer counties,USGS-NHD|SWRCB,Bear River|Bear River Watershed
American River,River / Stream,American River|American River Watershed|American River Basin|North Fork American|Middle Fork American|South Fork American,American River Basin|CABY|North Sacramento Valley,Sacramento,Flows through Sacramento; Folsom Lake; SAFCA flood management,USGS-NHD|SWRCB,American River|American River Watershed|American River Basin|North Fork American|Middle Fork American|South Fork American
Cosumnes River,River / Stream,Cosumnes River|Cosumnes River Watershed|Cosumnes,CABY|North Sacramento Valley,Sacramento,Last major undammed river in the Sierra; Sacramento/El Dorado/Amador counties,USGS-NHD|SWRCB,Cosumnes River|Cosumnes River Watershed|Cosumnes
Mokelumne River,River / Stream,Mokelumne River|Mokelumne River Watershed|Mokelumne|North Fork Mokelumne|South Fork Mokelumne,Mokelumne/Amador/Calaveras|CABY,Sacramento,Amador/Calaveras/Sacramento counties; Pardee/Camanche reservoirs; EBMUD supply,USGS-NHD|SWRCB,Mokelumne River|Mokelumne River Watershed|Mokelumne|North Fork Mokelumne|South Fork Mokelumne
Calaveras River,River / Stream,Calaveras River|Calaveras River Watershed|Calaveras,Mokelumne/Amador/Calaveras|Eastern San Joaquin,Sacramento,Calaveras/San Joaquin counties; New Hogan Reservoir,USGS-NHD|SWRCB,Calaveras River|Calaveras River Watershed|Calaveras
Putah Creek,River / Stream,Putah Creek|Putah Creek Watershed|South Fork Putah Creek|Lake Berryessa,Sacramento Valley|North Bay,Sacramento,Napa/Yolo/Solano counties; Lake Berryessa (Monticello Dam),USGS-NHD|SWRCB,Putah Creek|Putah Creek Watershed|South Fork Putah Creek|Lake Berryessa
Cache Creek,River / Stream,Cache Creek|Cache Creek Watershed|North Fork Cache Creek|South Fork Cache Creek|Bear Creek|Indian Valley,Sacramento Valley,Sacramento,Lake/Colusa/Yolo counties; key Sacramento Valley tributary,USGS-NHD|SWRCB,Cache Creek|Cache Creek Watershed|North Fork Cache Creek|South Fork Cache Creek|Bear Creek|Indian Valley
Stony Creek,River / Stream,Stony Creek|Stony Creek Watershed|Black Butte Lake,North Sacramento Valley,Sacramento,Tehama/Glenn/Colusa counties; Black Butte Dam (USACE),USGS-NHD|SWRCB,Stony Creek|Stony Creek Watershed|Black Butte Lake
Colusa Basin Drain,River / Stream,Colusa Basin Drain|Colusa Basin|Knights Landing Ridge Cut,North Sacramento Valley,Sacramento,Agricultural drainage channel; Sacramento Valley,USGS-NHD|SWRCB,Colusa Basin Drain|Colusa Basin|Knights Landing Ridge Cut
Butte Creek,River / Stream,Butte Creek|Butte Creek Watershed,Feather River|North Sacramento Valley,Sacramento,Butte County; important spring-run Chinook salmon habitat,USGS-NHD|SWRCB,Butte Creek|Butte Creek Watershed
Cottonwood Creek,River / Stream,Cottonwood Creek|Cottonwood Creek Watershed|South Fork Cottonwood|North Fork Cottonwood,North Sacramento Valley,Sacramento,Shasta/Tehama counties; Sacramento River tributary,USGS-NHD|SWRCB,Cottonwood Creek|Cottonwood Creek Watershed|South Fork Cottonwood|North Fork Cottonwood
San Joaquin River,River / Stream,San Joaquin River|San Joaquin River Basin|San Joaquin River Watershed|Upper San Joaquin|Lower San Joaquin,San Joaquin River|Eastern San Joaquin|Sacramento-San Joaquin Delta,SanJoaquin,Second largest river in CA; feeds the Delta; Friant Dam diverted most flows until San Joaquin River Restoration,USGS-NHD|SWRCB,San Joaquin River|San Joaquin River Basin|San Joaquin River Watershed|Upper San Joaquin|Lower San Joaquin
Stanislaus River,River / Stream,Stanislaus River|Stanislaus River Watershed|Stanislaus,East Stanislaus,SanJoaquin,San Joaquin tributary; New Melones Dam; Oakdale/South San Joaquin irrigation districts,USGS-NHD|SWRCB,Stanislaus River|Stanislaus River Watershed|Stanislaus
Tuolumne River,River / Stream,Tuolumne River|Tuolumne River Watershed|Tuolumne,East Stanislaus,SanJoaquin,Flows from Yosemite; Hetch Hetchy; Don Pedro Dam; Turlock/Modesto irrigation,USGS-NHD|SWRCB,Tuolumne River|Tuolumne River Watershed|Tuolumne
Merced River,River / Stream,Merced River|Merced River Watershed|Merced,Merced,SanJoaquin,Merced County; Lake McClure (New Exchequer Dam),USGS-NHD|SWRCB,Merced River|Merced River Watershed|Merced
Chowchilla River,River / Stream,Chowchilla River|Chowchilla River Watershed,Madera|San Joaquin River,SanJoaquin,Madera/Merced counties; San Joaquin tributary,USGS-NHD|SWRCB,Chowchilla River|Chowchilla River Watershed
Fresno River,River / Stream,Fresno River|Fresno River Watershed,Madera|San Joaquin River,SanJoaquin,Madera County,USGS-NHD|SWRCB,Fresno River|Fresno River Watershed
Kings River,River / Stream,Kings River|Kings River Watershed|Kings River Basin|North Fork Kings|Middle Fork Kings|South Fork Kings,Kings Basin|San Joaquin River,SanJoaquin|Tulare,Pine Flat Dam; terminates in Tulare Lake bed historically; Kings River Water Association,USGS-NHD|SWRCB,Kings River|Kings River Watershed|Kings River Basin|North Fork Kings|Middle Fork Kings|South Fork Kings
Kaweah River,River / Stream,Kaweah River|Kaweah River Watershed|Kaweah,Kaweah River Basin|Tulare Lake,Tulare,Tulare County; Terminus Dam (Lake Kaweah); Sequoia National Park headwaters,USGS-NHD|SWRCB,Kaweah River|Kaweah River Watershed|Kaweah
Tule River,River / Stream,Tule River|Tule River Watershed|North Fork Tule|Middle Fork Tule|South Fork Tule,Tulare Lake,Tulare,Tulare County; Success Dam; Tule River Indian Tribe reservation,USGS-NHD|SWRCB,Tule River|Tule River Watershed|North Fork Tule|Middle Fork Tule|South Fork Tule
Kern River,River / Stream,Kern River|Kern River Watershed|North Fork Kern|South Fork Kern|Kern River Basin,Kern County,Tulare,Kern County; Lake Isabella; Kern Water Bank; flows to Buena Vista Lake historically,USGS-NHD|SWRCB,Kern River|Kern River Watershed|North Fork Kern|South Fork Kern|Kern River Basin
White River,River / Stream,White River|White River Watershed,Tulare Lake|Kern County,Tulare,Tulare County,USGS-NHD|SWRCB,White River|White River Watershed
Deer Creek,River / Stream,Deer Creek|Deer Creek Watershed,Tulare Lake,Tulare,Tulare County; Tule River Tribe land return,USGS-NHD|SWRCB,Deer Creek|Deer Creek Watershed
Salinas River,River / Stream,Salinas River|Salinas River Watershed|Salinas River Basin|Salinas Valley,Salinas Valley|Greater Monterey County,CentralCoast,Longest river on California coast; flows north; Nacimiento and San Antonio reservoirs,USGS-NHD|SWRCB,Salinas River|Salinas River Watershed|Salinas River Basin|Salinas Valley
Pajaro River,River / Stream,Pajaro River|Pajaro River Watershed|Pajaro River Basin,Pajaro River Watershed|Santa Cruz,CentralCoast,Santa Cruz/Monterey/San Benito/Santa Clara counties; PVWMA groundwater area; 2023 catastrophic levee failure,USGS-NHD|SWRCB,Pajaro River|Pajaro River Watershed|Pajaro River Basin
Carmel River,River / Stream,Carmel River|Carmel River Watershed|Carmel River Basin,Monterey Peninsula/Carmel Bay/South Monterey,CentralCoast,Monterey County; Cal-Am supply; Los Padres Dam removal underway,USGS-NHD|SWRCB,Carmel River|Carmel River Watershed|Carmel River Basin
Nacimiento River,River / Stream,Nacimiento River|Nacimiento|Lake Nacimiento,Salinas Valley|Central Coast,CentralCoast,San Luis Obispo/Monterey counties; Nacimiento Dam,USGS-NHD|SWRCB,Nacimiento River|Nacimiento|Lake Nacimiento
San Antonio River,River / Stream,San Antonio River|San Antonio River Watershed|Lake San Antonio,Salinas Valley|Central Coast,CentralCoast,Monterey County; Lake San Antonio; Salinas River tributary,USGS-NHD|SWRCB,San Antonio River|San Antonio River Watershed|Lake San Antonio
Arroyo Seco,River / Stream,Arroyo Seco|Arroyo Seco Watershed|Arroyo Seco (Monterey)|Arroyo Seco (Los Angeles),Salinas Valley|Greater Los Angeles County,CentralCoast|SouthCoast,Two distinct rivers: Monterey County (Salinas tributary) and Los Angeles (San Gabriel tributary),USGS-NHD|SWRCB,Arroyo Seco|Arroyo Seco Watershed|Arroyo Seco (Monterey)|Arroyo Seco (Los Angeles)
Santa Ynez River,River / Stream,Santa Ynez River|Santa Ynez River Watershed|Santa Ynez River Basin|Cachuma Lake,Central Coast,SouthCoast,Santa Barbara County; Cachuma Dam (Lake Cachuma); Santa Ynez Chumash territory,USGS-NHD|SWRCB,Santa Ynez River|Santa Ynez River Watershed|Santa Ynez River Basin|Cachuma Lake
Santa Clara River,River / Stream,Santa Clara River|Santa Clara River Watershed|Santa Clara River Basin,South Coast|Ventura County,SouthCoast,Largest free-flowing river in Southern California; Ventura/LA counties; Castaic and Pyramid Lakes adjacent,USGS-NHD|SWRCB,Santa Clara River|Santa Clara River Watershed|Santa Clara River Basin
Ventura River,River / Stream,Ventura River|Ventura River Watershed,Ventura County|South Coast,SouthCoast,Ventura County; Matilija Dam removal in progress,USGS-NHD|SWRCB,Ventura River|Ventura River Watershed
Matilija Creek,River / Stream,Matilija Creek|Matilija Creek Watershed,Ventura County,SouthCoast,Ventura County; Matilija Dam removal (ongoing 2020s),USGS-NHD|SWRCB,Matilija Creek|Matilija Creek Watershed
Calleguas Creek,River / Stream,Calleguas Creek|Calleguas Creek Watershed,Ventura County|South Coast,SouthCoast,Ventura County; Calleguas Municipal Water District service area,USGS-NHD|SWRCB,Calleguas Creek|Calleguas Creek Watershed
Los Angeles River,River / Stream,Los Angeles River|LA River|LA River Watershed|Los Angeles River Watershed,Greater Los Angeles County|South Coast,SouthCoast,Largely concrete-lined; major urban restoration effort (LARP — LA River Revitalization Master Plan),USGS-NHD|SWRCB,Los Angeles River|LA River|LA River Watershed|Los Angeles River Watershed
San Gabriel River,River / Stream,San Gabriel River|San Gabriel River Watershed|San Gabriel River Basin|West Fork San Gabriel|East Fork San Gabriel|North Fork San Gabriel,San Gabriel Valley|Greater Los Angeles County,SouthCoast,LA County; San Gabriel Mountains; spreading grounds; San Gabriel Basin Watermaster,USGS-NHD|SWRCB,San Gabriel River|San Gabriel River Watershed|San Gabriel River Basin|West Fork San Gabriel|East Fork San Gabriel|North Fork San Gabriel
Rio Hondo,River / Stream,Rio Hondo|Rio Hondo Watershed|Rio Hondo Spreading Grounds,Greater Los Angeles County|San Gabriel Valley,SouthCoast,LA County; San Gabriel River tributary,USGS-NHD|SWRCB,Rio Hondo|Rio Hondo Watershed|Rio Hondo Spreading Grounds
Ballona Creek,River / Stream,Ballona Creek|Ballona Creek Watershed|Ballona Wetlands,Greater Los Angeles County|South Coast,SouthCoast,LA County; drains to Santa Monica Bay,USGS-NHD|SWRCB,Ballona Creek|Ballona Creek Watershed|Ballona Wetlands
Malibu Creek,River / Stream,Malibu Creek|Malibu Creek Watershed|Malibu Creek State Park,Greater Los Angeles County|South Coast,SouthCoast,LA County; Rindge Dam removed 1990s; steelhead reintroduction,USGS-NHD|SWRCB,Malibu Creek|Malibu Creek Watershed|Malibu Creek State Park
Dominguez Channel,River / Stream,Dominguez Channel|Dominguez Channel Watershed,Greater Los Angeles County|South Coast,SouthCoast,LA County; industrial corridor,USGS-NHD|SWRCB,Dominguez Channel|Dominguez Channel Watershed
Pacoima Wash,River / Stream,Pacoima Wash|Pacoima Creek,Greater Los Angeles County,SouthCoast,LA County; San Fernando Valley,USGS-NHD|SWRCB,Pacoima Wash|Pacoima Creek
Tujunga Wash,River / Stream,Tujunga Wash|Big Tujunga Creek|Little Tujunga Creek,Greater Los Angeles County,SouthCoast,LA County; San Fernando Valley; Hansen Reservoir,USGS-NHD|SWRCB,Tujunga Wash|Big Tujunga Creek|Little Tujunga Creek
Santa Ana River,River / Stream,Santa Ana River|Santa Ana River Watershed|Santa Ana River Basin|SAR|Upper Santa Ana River,Santa Ana Watershed|Inland Empire|Orange County,SouthCoast,Largest river in Southern California; Prado Dam (USACE flood control); SAWPA manages IRWM; OCWD recharge,USGS-NHD|SWRCB,Santa Ana River|Santa Ana River Watershed|Santa Ana River Basin|SAR|Upper Santa Ana River
San Jacinto River,River / Stream,San Jacinto River|San Jacinto River Watershed,Inland Empire|Santa Ana Watershed,SouthCoast,Riverside County; Lake Hemet; Diamond Valley Lake adjacent,USGS-NHD|SWRCB,San Jacinto River|San Jacinto River Watershed
Whitewater River,River / Stream,Whitewater River|Whitewater River Watershed|Mission Creek|Palm Springs,Coachella Valley,SouthCoast,Riverside County; Coachella Valley; Colorado River watershed,USGS-NHD|SWRCB,Whitewater River|Whitewater River Watershed|Mission Creek|Palm Springs
Mill Creek,River / Stream,Mill Creek|Mill Creek Watershed,Inland Empire,SouthCoast,San Bernardino County; Santa Ana River tributary,USGS-NHD|SWRCB,Mill Creek|Mill Creek Watershed
Lytle Creek,River / Stream,Lytle Creek|Lytle Creek Watershed,Inland Empire,SouthCoast,San Bernardino County; Rialto area,USGS-NHD|SWRCB,Lytle Creek|Lytle Creek Watershed
Chino Creek,River / Stream,Chino Creek|Chino Creek Watershed,Inland Empire|Santa Ana Watershed,SouthCoast,San Bernardino County; Chino Basin,USGS-NHD|SWRCB,Chino Creek|Chino Creek Watershed
Santa Margarita River,River / Stream,Santa Margarita River|Santa Margarita River Watershed,San Diego|Inland Empire,SouthCoast,San Diego/Riverside counties; Camp Pendleton; relatively free-flowing,USGS-NHD|SWRCB,Santa Margarita River|Santa Margarita River Watershed
San Luis Rey River,River / Stream,San Luis Rey River|San Luis Rey River Watershed,San Diego,SouthCoast,San Diego County; Rincon/La Jolla/Pala tribal water rights; Henshaw Dam,USGS-NHD|SWRCB,San Luis Rey River|San Luis Rey River Watershed
San Dieguito River,River / Stream,San Dieguito River|San Dieguito River Watershed|San Dieguito,San Diego,SouthCoast,San Diego County; Lake Hodges,USGS-NHD|SWRCB,San Dieguito River|San Dieguito River Watershed|San Dieguito
San Diego River,River / Stream,San Diego River|San Diego River Watershed,San Diego,SouthCoast,San Diego County; El Capitan and San Vicente reservoirs; San Diego River Conservancy,USGS-NHD|SWRCB,San Diego River|San Diego River Watershed
Sweetwater River,River / Stream,Sweetwater River|Sweetwater River Watershed|Sweetwater,San Diego|South Bay,SouthCoast,San Diego County; Sweetwater Authority,USGS-NHD|SWRCB,Sweetwater River|Sweetwater River Watershed|Sweetwater
Otay River,River / Stream,Otay River|Otay River Watershed|Upper Otay|Lower Otay|Otay Reservoir,San Diego|South Bay,SouthCoast,San Diego County,USGS-NHD|SWRCB,Otay River|Otay River Watershed|Upper Otay|Lower Otay|Otay Reservoir
Tijuana River,River / Stream,Tijuana River|Tijuana River Watershed|Tijuana River Valley|TRNERR,San Diego|South Bay,SouthCoast,Transboundary watershed (US/Mexico); Tijuana River National Estuarine Research Reserve,USGS-NHD|SWRCB,Tijuana River|Tijuana River Watershed|Tijuana River Valley|TRNERR
Colorado River,River / Stream,Colorado River|Colorado River Basin|Lower Colorado River|Upper Colorado River,Imperial|Coachella Valley|Mojave,Colorado,"Shared by 7 states and Mexico; California holds ~4.4 MAF of the Law of the River allocation; Metropolitan, IID, DWA, CVWD all draw from it",USGS-NHD|SWRCB,Colorado River|Colorado River Basin|Lower Colorado River|Upper Colorado River
New River,River / Stream,New River|New River (Imperial County),Imperial|Salton Sea,Colorado,Imperial County; heavily polluted transboundary river from Mexico; flows into Salton Sea,USGS-NHD|SWRCB,New River|New River (Imperial County)
Alamo River,River / Stream,Alamo River|Alamo River (Imperial County),Imperial|Salton Sea,Colorado,Imperial County; agricultural drainage to Salton Sea,USGS-NHD|SWRCB,Alamo River|Alamo River (Imperial County)
Owens River,River / Stream,Owens River|Owens River Watershed|Owens Valley|Owens River Gorge,Inyo-Mono,SouthLahontan,Inyo County; LADWP diverts via LA Aqueduct; Owens Valley water conflict,USGS-NHD|SWRCB,Owens River|Owens River Watershed|Owens Valley|Owens River Gorge
Truckee River,River / Stream,Truckee River|Truckee River Watershed,Lake Tahoe,NorthLahontan,Flows from Lake Tahoe to Pyramid Lake (Nevada); Truckee-Carson-Pyramid Lake Water Rights Settlement,USGS-NHD|SWRCB,Truckee River|Truckee River Watershed
Walker River,River / Stream,Walker River|Walker River Watershed|West Walker River|East Walker River,Inyo-Mono,NorthLahontan,Mono County; flows to Walker Lake (Nevada),USGS-NHD|SWRCB,Walker River|Walker River Watershed|West Walker River|East Walker River
Carson River,River / Stream,Carson River|Carson River Watershed,Lake Tahoe|Inyo-Mono,NorthLahontan,Alpine/El Dorado counties CA; primarily flows through Nevada,USGS-NHD|SWRCB,Carson River|Carson River Watershed
Mojave River,River / Stream,Mojave River|Mojave River Watershed|Mojave River Basin,Mojave,SouthLahontan,San Bernardino County; mostly subsurface flow; Mojave Water Agency recharge,USGS-NHD|SWRCB,Mojave River|Mojave River Watershed|Mojave River Basin
Lake Tahoe,Lake / Reservoir,Lake Tahoe|Tahoe|Lake Tahoe Basin,Lake Tahoe,NorthLahontan,Alpine/El Dorado/Placer counties CA and Nevada; clarity and water quality iconic; TRPA governs basin,USGS-NHD|DWR-SWP|USBR-CVP,Lake Tahoe|Tahoe|Lake Tahoe Basin
Lake Shasta,Lake / Reservoir,Lake Shasta|Shasta Lake|Shasta Reservoir|Shasta Dam Reservoir,North Sacramento Valley,Sacramento,Largest reservoir in CA by storage capacity; CVP; Sacramento River; ~4.55 MAF capacity,USGS-NHD|DWR-SWP|USBR-CVP,Lake Shasta|Shasta Lake|Shasta Reservoir|Shasta Dam Reservoir
Lake Oroville,Lake / Reservoir,Lake Oroville|Oroville Reservoir|Oroville Dam Reservoir|Lake Thermalito,Feather River|North Sacramento Valley,Sacramento,Second largest CA reservoir; SWP; Feather River; tallest dam in US; 2017 spillway emergency,USGS-NHD|DWR-SWP|USBR-CVP,Lake Oroville|Oroville Reservoir|Oroville Dam Reservoir|Lake Thermalito
Folsom Lake,Lake / Reservoir,Folsom Lake|Folsom Reservoir|Folsom Dam Reservoir,American River Basin|North Sacramento Valley,Sacramento,CVP; American River; Sacramento County/El Dorado County; ~975 TAF capacity,USGS-NHD|DWR-SWP|USBR-CVP,Folsom Lake|Folsom Reservoir|Folsom Dam Reservoir
Lake Berryessa,Lake / Reservoir,Lake Berryessa|Berryessa Reservoir|Monticello Reservoir|Lake Berryessa (Napa County),Sacramento Valley|North Bay,Sacramento,Napa County; Monticello Dam; USBR Solano Project; wine country,USGS-NHD|DWR-SWP|USBR-CVP,Lake Berryessa|Berryessa Reservoir|Monticello Reservoir|Lake Berryessa (Napa County)
San Luis Reservoir,Lake / Reservoir,San Luis Reservoir|San Luis Dam|San Luis Reservoir (CVP/SWP),Eastern San Joaquin,SanJoaquin,CVP/SWP joint-use off-stream storage; ~2 MAF capacity; 5th largest CA reservoir; Merced County,USGS-NHD|DWR-SWP|USBR-CVP,San Luis Reservoir|San Luis Dam|San Luis Reservoir (CVP/SWP)
New Melones Reservoir,Lake / Reservoir,New Melones Reservoir|New Melones Lake|New Melones Dam|New Melones,East Stanislaus|Mokelumne/Amador/Calaveras,SanJoaquin,CVP/USACE; Stanislaus River; ~2.4 MAF capacity,USGS-NHD|DWR-SWP|USBR-CVP,New Melones Reservoir|New Melones Lake|New Melones Dam|New Melones
Lake Don Pedro,Lake / Reservoir,Lake Don Pedro|Don Pedro Reservoir|New Don Pedro Reservoir|Don Pedro Dam,East Stanislaus,SanJoaquin,Turlock ID / Modesto ID; Tuolumne River; ~2 MAF capacity,USGS-NHD|DWR-SWP|USBR-CVP,Lake Don Pedro|Don Pedro Reservoir|New Don Pedro Reservoir|Don Pedro Dam
Lake McClure,Lake / Reservoir,Lake McClure|New Exchequer Reservoir|New Exchequer Dam|Lake McClure (Merced ID),Merced,SanJoaquin,Merced ID; Merced River; ~1 MAF capacity,USGS-NHD|DWR-SWP|USBR-CVP,Lake McClure|New Exchequer Reservoir|New Exchequer Dam|Lake McClure (Merced ID)
Millerton Lake,Lake / Reservoir,Millerton Lake|Friant Reservoir|Friant Dam Reservoir,San Joaquin River|Madera,SanJoaquin,CVP; Friant Dam; San Joaquin River; ~520 TAF capacity; Friant Water Authority and San Joaquin River Restoration Program,USGS-NHD|DWR-SWP|USBR-CVP,Millerton Lake|Friant Reservoir|Friant Dam Reservoir
Pine Flat Reservoir,Lake / Reservoir,Pine Flat Reservoir|Pine Flat Lake|Pine Flat Dam,Kings Basin,SanJoaquin,USACE; Kings River; Fresno County; ~1 MAF capacity,USGS-NHD|DWR-SWP|USBR-CVP,Pine Flat Reservoir|Pine Flat Lake|Pine Flat Dam
Lake Kaweah,Lake / Reservoir,Lake Kaweah|Terminus Reservoir|Terminus Dam,Kaweah River Basin|Tulare Lake,Tulare,USACE; Kaweah River; Tulare County; ~148 TAF capacity,USGS-NHD|DWR-SWP|USBR-CVP,Lake Kaweah|Terminus Reservoir|Terminus Dam
Lake Success,Lake / Reservoir,Lake Success|Success Reservoir|Success Dam,Tulare Lake,Tulare,USACE; Tule River; Tulare County; ~82 TAF capacity,USGS-NHD|DWR-SWP|USBR-CVP,Lake Success|Success Reservoir|Success Dam
Lake Isabella,Lake / Reservoir,Lake Isabella|Isabella Reservoir|Isabella Dam|Kern River Valley,Kern County,Tulare,USACE; Kern River; Kern County; ~568 TAF capacity; dam safety rehabilitation,USGS-NHD|DWR-SWP|USBR-CVP,Lake Isabella|Isabella Reservoir|Isabella Dam|Kern River Valley
Hetch Hetchy Reservoir,Lake / Reservoir,Hetch Hetchy Reservoir|O'Shaughnessy Dam|Hetch Hetchy,East Stanislaus|Bay Area,SanJoaquin,SFPUC; Tuolumne River; Yosemite National Park; ~360 TAF capacity; serves 2.6 million Bay Area residents,USGS-NHD|DWR-SWP|USBR-CVP,Hetch Hetchy Reservoir|O'Shaughnessy Dam|Hetch Hetchy
Trinity Lake,Lake / Reservoir,Trinity Lake|Clair Engle Lake|Trinity Reservoir|Trinity Dam,Klamath Basin|North Sacramento Valley,NorthCoast,CVP; Trinity River; Trinity County; ~2.4 MAF capacity; water diverted to Sacramento via Carr Tunnel,USGS-NHD|DWR-SWP|USBR-CVP,Trinity Lake|Clair Engle Lake|Trinity Reservoir|Trinity Dam
Lake Almanor,Lake / Reservoir,Lake Almanor|Almanor Reservoir,Feather River,Sacramento,PG&E; North Fork Feather River; Plumas County; ~1.3 MAF capacity,USGS-NHD|DWR-SWP|USBR-CVP,Lake Almanor|Almanor Reservoir
New Bullards Bar Reservoir,Lake / Reservoir,New Bullards Bar Reservoir|New Bullards Bar|Bullards Bar Dam,Feather River|CABY,Sacramento,Yuba County Water Agency; Yuba River; ~966 TAF capacity,USGS-NHD|DWR-SWP|USBR-CVP,New Bullards Bar Reservoir|New Bullards Bar|Bullards Bar Dam
Englebright Lake,Lake / Reservoir,Englebright Lake|Englebright Reservoir|Englebright Dam,CABY|Feather River,Sacramento,USACE; Yuba River; Nevada/Yuba counties; ~70 TAF; sand and gravel trap,USGS-NHD|DWR-SWP|USBR-CVP,Englebright Lake|Englebright Reservoir|Englebright Dam
Pardee Reservoir,Lake / Reservoir,Pardee Reservoir|Pardee Dam|Pardee Lake,Mokelumne/Amador/Calaveras,Sacramento,EBMUD; Mokelumne River; Amador County; ~210 TAF; EBMUD primary supply,USGS-NHD|DWR-SWP|USBR-CVP,Pardee Reservoir|Pardee Dam|Pardee Lake
Camanche Reservoir,Lake / Reservoir,Camanche Reservoir|Camanche Lake|Camanche Dam,Mokelumne/Amador/Calaveras|Eastern San Joaquin,Sacramento,EBMUD; Mokelumne River; San Joaquin/Amador counties; ~418 TAF,USGS-NHD|DWR-SWP|USBR-CVP,Camanche Reservoir|Camanche Lake|Camanche Dam
Whiskeytown Lake,Lake / Reservoir,Whiskeytown Lake|Whiskeytown Reservoir|Whiskeytown Dam,North Sacramento Valley,Sacramento,CVP/NPS; Whiskeytown-Shasta-Trinity NRA; ~241 TAF; diversion point for Trinity River water,USGS-NHD|DWR-SWP|USBR-CVP,Whiskeytown Lake|Whiskeytown Reservoir|Whiskeytown Dam
Black Butte Lake,Lake / Reservoir,Black Butte Lake|Black Butte Dam,North Sacramento Valley,Sacramento,USACE; Stony Creek; Tehama County; ~136 TAF,USGS-NHD|DWR-SWP|USBR-CVP,Black Butte Lake|Black Butte Dam
Clear Lake,Lake / Reservoir,Clear Lake|Clear Lake (Lake County)|Clear Lake Basin,Russian River,NorthCoast,Lake County; largest natural lake wholly within California; water quality issues,USGS-NHD|DWR-SWP|USBR-CVP,Clear Lake|Clear Lake (Lake County)|Clear Lake Basin
Los Vaqueros Reservoir,Lake / Reservoir,Los Vaqueros Reservoir|Los Vaqueros Dam|Los Vaqueros,East Contra Costa County,SanFranciscoBay,CCWD; off-stream storage; Contra Costa County; expanding to 275 TAF,USGS-NHD|DWR-SWP|USBR-CVP,Los Vaqueros Reservoir|Los Vaqueros Dam|Los Vaqueros
Lake Mead,Lake / Reservoir,Lake Mead|Mead Reservoir|Hoover Dam Reservoir,Imperial|Coachella Valley,Colorado,USBR; Colorado River; Nevada/Arizona; CA holds rights to inflows; drought crisis,USGS-NHD|DWR-SWP|USBR-CVP,Lake Mead|Mead Reservoir|Hoover Dam Reservoir
Lake Havasu,Lake / Reservoir,Lake Havasu|Parker Dam Reservoir|Lake Havasu Reservoir,Imperial|Coachella Valley,Colorado,USBR/MWD; Colorado River diversion point for Colorado River Aqueduct,USGS-NHD|DWR-SWP|USBR-CVP,Lake Havasu|Parker Dam Reservoir|Lake Havasu Reservoir
Diamond Valley Lake,Lake / Reservoir,Diamond Valley Lake|Diamond Valley Reservoir|DVL,Inland Empire,SouthCoast,MWD; off-stream storage; Riverside County; ~800 TAF; completed 2000,USGS-NHD|DWR-SWP|USBR-CVP,Diamond Valley Lake|Diamond Valley Reservoir|DVL
Lake Mathews,Lake / Reservoir,Lake Mathews|Lake Matthews|Lake Mathews (MWD),Inland Empire|Santa Ana Watershed,SouthCoast,MWD; Riverside County; end point of Colorado River Aqueduct,USGS-NHD|DWR-SWP|USBR-CVP,Lake Mathews|Lake Matthews|Lake Mathews (MWD)
Lake Skinner,Lake / Reservoir,Lake Skinner|Lake Skinner (MWD),Inland Empire,SouthCoast,MWD; Riverside County; ~44 TAF,USGS-NHD|DWR-SWP|USBR-CVP,Lake Skinner|Lake Skinner (MWD)
Silverwood Lake,Lake / Reservoir,Silverwood Lake|Silverwood Reservoir|Cedar Springs Dam,Inland Empire|Mojave,SouthCoast,DWR/SWP; San Bernardino County; ~73 TAF; Mojave River Forks,USGS-NHD|DWR-SWP|USBR-CVP,Silverwood Lake|Silverwood Reservoir|Cedar Springs Dam
Lake Perris,Lake / Reservoir,Lake Perris|Perris Reservoir|Perris Dam,Inland Empire,SouthCoast,DWR/SWP; Riverside County; ~131 TAF; southern terminus of SWP,USGS-NHD|DWR-SWP|USBR-CVP,Lake Perris|Perris Reservoir|Perris Dam
Castaic Lake,Lake / Reservoir,Castaic Lake|Castaic Reservoir|Castaic Dam,South Coast|Greater Los Angeles County,SouthCoast,DWR/SWP; Los Angeles County; ~323 TAF,USGS-NHD|DWR-SWP|USBR-CVP,Castaic Lake|Castaic Reservoir|Castaic Dam
Pyramid Lake,Lake / Reservoir,Pyramid Lake|Pyramid Reservoir|Pyramid Dam,South Coast|Greater Los Angeles County,SouthCoast,DWR/SWP; Los Angeles County; ~171 TAF; not to be confused with Pyramid Lake Nevada,USGS-NHD|DWR-SWP|USBR-CVP,Pyramid Lake|Pyramid Reservoir|Pyramid Dam
Lake Cachuma,Lake / Reservoir,Lake Cachuma|Cachuma Reservoir|Bradbury Dam|Santa Ynez Reservoir,Central Coast,SouthCoast,USBR; Santa Ynez River; Santa Barbara County; ~191 TAF; serves Santa Barbara area,USGS-NHD|DWR-SWP|USBR-CVP,Lake Cachuma|Cachuma Reservoir|Bradbury Dam|Santa Ynez Reservoir
Nacimiento Reservoir,Lake / Reservoir,Nacimiento Reservoir|Lake Nacimiento|Nacimiento Dam,Salinas Valley|Central Coast,CentralCoast,Monterey County; Nacimiento River; ~378 TAF; Nacimiento Water Project supply to SLO,USGS-NHD|DWR-SWP|USBR-CVP,Nacimiento Reservoir|Lake Nacimiento|Nacimiento Dam
Mono Lake,Lake / Reservoir,Mono Lake|Mono Lake Basin,Inyo-Mono,NorthLahontan,Mono County; saline terminal lake; LADWP historically diverted tributaries; State Water Board Order WR 95-6 requires minimum lake level,USGS-NHD|DWR-SWP|USBR-CVP,Mono Lake|Mono Lake Basin
San Francisco Bay,Bay / Estuary,San Francisco Bay|San Francisco Bay-Delta Estuary|The Bay|SF Bay,Bay Area|East Bay|North Bay|Santa Clara Valley,SanFranciscoBay,"Largest Pacific Coast estuary in the Americas; includes San Pablo Bay, Suisun Bay, Carquinez Strait",USGS-NHD|SWRCB,San Francisco Bay|San Francisco Bay-Delta Estuary|The Bay|SF Bay
San Pablo Bay,Bay / Estuary,San Pablo Bay|San Pablo Bay Watershed,North Bay|Bay Area,SanFranciscoBay,Northern arm of San Francisco Bay; Marin/Sonoma/Napa/Contra Costa counties,USGS-NHD|SWRCB,San Pablo Bay|San Pablo Bay Watershed
Suisun Bay,Bay / Estuary,Suisun Bay|Suisun Marsh|Suisun Bay Estuary,Sacramento-San Joaquin Delta|Bay Area,SanFranciscoBay,Connects Delta to San Francisco Bay; Suisun Marsh is largest brackish water marsh on West Coast,USGS-NHD|SWRCB,Suisun Bay|Suisun Marsh|Suisun Bay Estuary
Carquinez Strait,Bay / Estuary,Carquinez Strait|Carquinez,East Bay|Sacramento-San Joaquin Delta,SanFranciscoBay,Connects Suisun Bay to San Pablo Bay,USGS-NHD|SWRCB,Carquinez Strait|Carquinez
Sacramento-San Joaquin Delta,Delta,Sacramento-San Joaquin Delta|The Delta|Bay-Delta|Bay Delta|SJ Delta|S-J Delta|Sacramento Delta,Sacramento-San Joaquin Delta,DeltaSacto-SanJoaquin,"~738,000 acres; hub of California water system; exports to CVP and SWP; Delta Stewardship Council; Delta Plan",DWR-Delta|USGS-NHD,Sacramento-San Joaquin Delta|The Delta|Bay-Delta|Bay Delta|SJ Delta|S-J Delta|Sacramento Delta
Humboldt Bay,Bay / Estuary,Humboldt Bay|Humboldt Bay Watershed,North Coast,NorthCoast,Humboldt County; second largest coastal bay in CA; HBMWD supply,USGS-NHD|SWRCB,Humboldt Bay|Humboldt Bay Watershed
Tomales Bay,Bay / Estuary,Tomales Bay|Tomales Bay Watershed,North Bay,NorthCoast,Marin County; Point Reyes National Seashore,USGS-NHD|SWRCB,Tomales Bay|Tomales Bay Watershed
Bodega Bay,Bay / Estuary,Bodega Bay|Bodega Harbor,North Bay|Russian River,NorthCoast,Sonoma County,USGS-NHD|SWRCB,Bodega Bay|Bodega Harbor
Monterey Bay,Bay / Estuary,Monterey Bay|Monterey Bay National Marine Sanctuary,Greater Monterey County|Monterey Peninsula/Carmel Bay/South Monterey,CentralCoast,,USGS-NHD|SWRCB,Monterey Bay|Monterey Bay National Marine Sanctuary
Morro Bay,Bay / Estuary,Morro Bay|Morro Bay Estuary,Central Coast,SouthCoast,San Luis Obispo County,USGS-NHD|SWRCB,Morro Bay|Morro Bay Estuary
Santa Monica Bay,Bay / Estuary,Santa Monica Bay|Santa Monica Bay Watershed,Greater Los Angeles County|South Coast,SouthCoast,LA County,USGS-NHD|SWRCB,Santa Monica Bay|Santa Monica Bay Watershed
San Pedro Bay,Bay / Estuary,San Pedro Bay|San Pedro Bay Watershed|Los Angeles Harbor|Long Beach Harbor,Greater Los Angeles County|South Coast,SouthCoast,LA County; Port of Los Angeles and Long Beach,USGS-NHD|SWRCB,San Pedro Bay|San Pedro Bay Watershed|Los Angeles Harbor|Long Beach Harbor
San Diego Bay,Bay / Estuary,San Diego Bay|San Diego Bay Watershed,San Diego,SouthCoast,San Diego County; US Navy; Port of San Diego,USGS-NHD|SWRCB,San Diego Bay|San Diego Bay Watershed
Mission Bay,Bay / Estuary,Mission Bay|Mission Bay Park,San Diego,SouthCoast,San Diego County,USGS-NHD|SWRCB,Mission Bay|Mission Bay Park
Salton Sea,Lake / Reservoir,Salton Sea|Salton Sea Watershed|New River (Salton Sea)|Alamo River (Salton Sea),Imperial|Coachella Valley|Salton Sea,Colorado,Imperial/Riverside counties; largest lake in CA; saline; created 1905 accident; shrinking; state restoration program,USGS-NHD|DWR-SWP|USBR-CVP,Salton Sea|Salton Sea Watershed|New River (Salton Sea)|Alamo River (Salton Sea)
Suisun Marsh,Wetland / Marsh,Suisun Marsh|Suisun Wildlife Area|Suisun Marsh Salinity Control Gates,Sacramento-San Joaquin Delta,DeltaSacto-SanJoaquin,"85,000 acres; largest brackish water marsh on West Coast; managed waterfowl hunting",USGS-NHD|USFWS-NWI,Suisun Marsh|Suisun Wildlife Area|Suisun Marsh Salinity Control Gates
Napa-Sonoma Marshes,Wetland / Marsh,Napa-Sonoma Marshes|Napa Sonoma Marsh|San Pablo Bay National Wildlife Refuge,North Bay,SanFranciscoBay,Tidal marsh restoration; Napa/Sonoma counties,USGS-NHD|USFWS-NWI,Napa-Sonoma Marshes|Napa Sonoma Marsh|San Pablo Bay National Wildlife Refuge
Sacramento National Wildlife Refuge Complex,Wetland / Marsh,Sacramento NWR|Sacramento National Wildlife Refuge|Sacramento NWR Complex,North Sacramento Valley,Sacramento,Glenn/Colusa/Sacramento/Butte counties; managed wetlands for waterfowl; rice field flooding,USGS-NHD|USFWS-NWI,Sacramento National Wildlife Refuge Complex|Sacramento NWR|Sacramento National Wildlife Refuge|Sacramento NWR Complex
Grasslands Ecological Area,Wetland / Marsh,Grasslands Ecological Area|Grasslands Wetlands|Merced National Wildlife Refuge|Grasslands Water District,Merced,SanJoaquin,"Merced County; ~150,000 acres; seasonal wetlands dependent on CVP water deliveries",USGS-NHD|USFWS-NWI,Grasslands Ecological Area|Grasslands Wetlands|Merced National Wildlife Refuge|Grasslands Water District
Tijuana River National Estuarine Research Reserve,Wetland / Marsh,Tijuana Estuary|TRNERR|Tijuana River National Estuarine Research Reserve|Tijuana River NERR,San Diego|South Bay,SouthCoast,San Diego County; transboundary estuary; threatened by cross-border sewage flows,USGS-NHD|USFWS-NWI,Tijuana River National Estuarine Research Reserve|Tijuana Estuary|TRNERR|Tijuana River NERR
San Joaquin Valley Groundwater Basin,Groundwater Basin,San Joaquin Valley Groundwater Basin|San Joaquin Valley Aquifer|San Joaquin Valley Basin,Eastern San Joaquin|East Stanislaus|Merced|Madera|San Joaquin River|Kings Basin|Kaweah River Basin|Tulare Lake|Kern County,SanJoaquin|Tulare,Largest groundwater basin in CA; 7 subbasins; critically overdrafted; SGMA implementation ongoing,DWR-B118,San Joaquin Valley Groundwater Basin|San Joaquin Valley Aquifer|San Joaquin Valley Basin
Eastern San Joaquin Subbasin,Groundwater Basin,Eastern San Joaquin Subbasin|Eastern San Joaquin Groundwater,Eastern San Joaquin,SanJoaquin,San Joaquin County; SGMA high-priority,DWR-B118,Eastern San Joaquin Subbasin|Eastern San Joaquin Groundwater
Modesto Subbasin,Groundwater Basin,Modesto Subbasin|Modesto Groundwater Basin,East Stanislaus,SanJoaquin,Stanislaus County; SGMA medium-priority,DWR-B118,Modesto Subbasin|Modesto Groundwater Basin
Turlock Subbasin,Groundwater Basin,Turlock Subbasin|Turlock Groundwater Basin,East Stanislaus,SanJoaquin,Stanislaus/Merced counties; SGMA medium-priority,DWR-B118,Turlock Subbasin|Turlock Groundwater Basin
Merced Subbasin,Groundwater Basin,Merced Subbasin|Merced Groundwater Basin,Merced,SanJoaquin,Merced County; SGMA medium-priority,DWR-B118,Merced Subbasin|Merced Groundwater Basin
Madera Subbasin,Groundwater Basin,Madera Subbasin|Madera Groundwater Basin,Madera,SanJoaquin,Madera County; SGMA critically overdrafted,DWR-B118,Madera Subbasin|Madera Groundwater Basin
Chowchilla Subbasin,Groundwater Basin,Chowchilla Subbasin|Chowchilla Groundwater Basin,Madera|San Joaquin River,SanJoaquin,Madera/Merced counties; SGMA medium-priority,DWR-B118,Chowchilla Subbasin|Chowchilla Groundwater Basin
Kings Subbasin,Groundwater Basin,Kings Subbasin|Kings Groundwater Basin,Kings Basin|San Joaquin River,SanJoaquin|Tulare,Fresno/Kings counties; SGMA critically overdrafted,DWR-B118,Kings Subbasin|Kings Groundwater Basin
Kaweah Subbasin,Groundwater Basin,Kaweah Subbasin|Kaweah Groundwater Basin,Kaweah River Basin|Tulare Lake,Tulare,Tulare County; SGMA critically overdrafted,DWR-B118,Kaweah Subbasin|Kaweah Groundwater Basin
Tulare Lake Subbasin,Groundwater Basin,Tulare Lake Subbasin|Tulare Lake Groundwater Basin,Tulare Lake|Kings Basin,Tulare,Kings County; SGMA critically overdrafted,DWR-B118,Tulare Lake Subbasin|Tulare Lake Groundwater Basin
Tule Subbasin,Groundwater Basin,Tule Subbasin|Tule Groundwater Basin,Tulare Lake,Tulare,Tulare County; SGMA critically overdrafted,DWR-B118,Tule Subbasin|Tule Groundwater Basin
Kern Subbasin,Groundwater Basin,Kern Subbasin|Kern County Subbasin|Kern Groundwater Basin,Kern County,Tulare,Kern County; SGMA critically overdrafted; Kern Water Bank,DWR-B118,Kern Subbasin|Kern County Subbasin|Kern Groundwater Basin
Delta-Mendota Subbasin,Groundwater Basin,Delta-Mendota Subbasin|Delta-Mendota Groundwater Basin,Tulare Lake|San Joaquin River,SanJoaquin,Fresno/Merced/San Joaquin counties; west side San Joaquin Valley; SGMA critically overdrafted,DWR-B118,Delta-Mendota Subbasin|Delta-Mendota Groundwater Basin
Salinas Valley Groundwater Basin,Groundwater Basin,Salinas Valley Groundwater Basin|Salinas Valley Aquifer|Salinas Valley Basin,Salinas Valley|Greater Monterey County,CentralCoast,Critically overdrafted; seawater intrusion; multiple subbasins; SGMA GSP approved,DWR-B118,Salinas Valley Groundwater Basin|Salinas Valley Aquifer|Salinas Valley Basin
Carmel Valley Alluvial Aquifer,Groundwater Basin,Carmel Valley Aquifer|Carmel Valley Groundwater Basin|Carmel Valley Alluvial Aquifer,Monterey Peninsula/Carmel Bay/South Monterey,CentralCoast,Monterey County; Cal-Am primary local source; MPWMD jurisdiction; curtailment orders,DWR-B118,Carmel Valley Alluvial Aquifer|Carmel Valley Aquifer|Carmel Valley Groundwater Basin
Pajaro Valley Groundwater Basin,Groundwater Basin,Pajaro Valley Groundwater Basin|Pajaro Valley Aquifer|Pajaro Valley Basin,Pajaro River Watershed|Santa Cruz,CentralCoast,Santa Cruz/Monterey counties; PVWMA jurisdiction; seawater intrusion; critically overdrafted,DWR-B118,Pajaro Valley Groundwater Basin|Pajaro Valley Aquifer|Pajaro Valley Basin
Santa Ynez River Valley Groundwater Basin,Groundwater Basin,Santa Ynez River Valley Groundwater Basin|Santa Ynez Groundwater,Central Coast,SouthCoast,Santa Barbara County,DWR-B118,Santa Ynez River Valley Groundwater Basin|Santa Ynez Groundwater
Fox Canyon Groundwater Basin,Groundwater Basin,Fox Canyon Groundwater Basin|Fox Canyon Aquifer|Oxnard Plain Aquifer,Ventura County|South Coast,SouthCoast,Ventura County; Fox Canyon Groundwater Management Agency (FCGMA); critically overdrafted,DWR-B118,Fox Canyon Groundwater Basin|Fox Canyon Aquifer|Oxnard Plain Aquifer
San Fernando Basin,Groundwater Basin,San Fernando Basin|San Fernando Valley Groundwater|San Fernando Basin Watermaster,Greater Los Angeles County,SouthCoast,LA County; adjudicated; LADWP primary basin; Superfund contamination remediation,DWR-B118,San Fernando Basin|San Fernando Valley Groundwater|San Fernando Basin Watermaster
Main San Gabriel Basin,Groundwater Basin,Main San Gabriel Basin|San Gabriel Basin|Main San Gabriel Groundwater,San Gabriel Valley|Greater Los Angeles County,SouthCoast,LA County; adjudicated; Main San Gabriel Basin Watermaster,DWR-B118,Main San Gabriel Basin|San Gabriel Basin|Main San Gabriel Groundwater
Central Basin,Groundwater Basin,Central Basin|Central Groundwater Basin|Central Basin Watermaster,Greater Los Angeles County|South Coast,SouthCoast,LA County; adjudicated; Central Basin Municipal Water District,DWR-B118,Central Basin|Central Groundwater Basin|Central Basin Watermaster
West Basin,Groundwater Basin,West Basin|West Groundwater Basin|West Basin Watermaster,Greater Los Angeles County|South Coast,SouthCoast,LA County; adjudicated; West Basin Municipal Water District,DWR-B118,West Basin|West Groundwater Basin|West Basin Watermaster
Orange County Groundwater Basin,Groundwater Basin,Orange County Groundwater Basin|Orange County Basin|OC Basin,Orange County|Santa Ana Watershed,SouthCoast,Orange County; OCWD jurisdiction; Groundwater Replenishment System (GWRS),DWR-B118,Orange County Groundwater Basin|Orange County Basin|OC Basin
Chino Basin,Groundwater Basin,Chino Basin|Chino Groundwater Basin|Chino Basin Watermaster,Inland Empire|Santa Ana Watershed,SouthCoast,San Bernardino/Riverside counties; adjudicated; Chino Basin Watermaster,DWR-B118,Chino Basin|Chino Groundwater Basin|Chino Basin Watermaster
Bunker Hill Basin,Groundwater Basin,Bunker Hill Basin|San Bernardino Basin|Bunker Hill Groundwater,Inland Empire,SouthCoast,San Bernardino County; adjudicated; SBVMWD jurisdiction,DWR-B118,Bunker Hill Basin|San Bernardino Basin|Bunker Hill Groundwater
Riverside Basin,Groundwater Basin,Riverside Basin|Riverside Groundwater Basin,Inland Empire|Santa Ana Watershed,SouthCoast,Riverside County,DWR-B118,Riverside Basin|Riverside Groundwater Basin
Coachella Valley Groundwater Basin,Groundwater Basin,Coachella Valley Groundwater Basin|Coachella Valley Aquifer|Coachella Valley Basin,Coachella Valley,Colorado,Riverside County; CVWD and DWA jurisdiction; landmark Agua Caliente Tribe water rights case,DWR-B118,Coachella Valley Groundwater Basin|Coachella Valley Aquifer|Coachella Valley Basin
Owens Valley Groundwater Basin,Groundwater Basin,Owens Valley Groundwater Basin|Owens Valley Aquifer|Owens Valley Basin,Inyo-Mono,SouthLahontan,Inyo County; LADWP operations; Owens Valley Committee oversight; dust control at Owens Lake,DWR-B118,Owens Valley Groundwater Basin|Owens Valley Aquifer|Owens Valley Basin
South Coast Groundwater Basins,Groundwater Basin,South Coast Groundwater Basins|Coastal Groundwater Basins,San Diego,SouthCoast,San Diego County; multiple small basins under SGMA,DWR-B118,South Coast Groundwater Basins|Coastal Groundwater Basins
