entity_name,abbreviation,aliases,entity_type,irwm_region,notes,all_names
California Department of Water Resources,DWR,Department of Water Resources|CA DWR|California DWR,State Agency,Statewide,Primary state water planning agency,California Department of Water Resources|DWR|Department of Water Resources|CA DWR|California DWR
State Water Resources Control Board,SWRCB,State Water Board|California Water Boards|SWRCB|State Water Resources Control Board,State Agency,Statewide,Water rights and water quality regulation,State Water Resources Control Board|SWRCB|State Water Board|California Water Boards
California Environmental Protection Agency,CalEPA,Cal EPA|California EPA,State Agency,Statewide,Umbrella environmental regulatory agency,California Environmental Protection Agency|CalEPA|Cal EPA|California EPA
California Natural Resources Agency,CNRA,Natural Resources Agency|California Resources Agency,State Agency,Statewide,Umbrella natural resources cabinet agency,California Natural Resources Agency|CNRA|Natural Resources Agency|California Resources Agency
California Department of Fish and Wildlife,CDFW,Dept of Fish and Wildlife|CA Fish and Wildlife|DFW|California Department of Fish and Game|CDFG,State Agency,Statewide,Formerly California Department of Fish and Game (CDFG) until 2013,California Department of Fish and Wildlife|CDFW|Dept of Fish and Wildlife|CA Fish and Wildlife|DFW|California Department of Fish and Game|CDFG
California Department of Food and Agriculture,CDFA,CA Dept of Food and Agriculture,State Agency,Statewide,,California Department of Food and Agriculture|CDFA|CA Dept of Food and Agriculture
California Department of Public Health,CDPH,CA Dept of Public Health|CDPH,State Agency,Statewide,Drinking water program oversight,California Department of Public Health|CDPH|CA Dept of Public Health
California Air Resources Board,CARB,Air Resources Board|ARB|CA Air Resources Board,State Agency,Statewide,,California Air Resources Board|CARB|Air Resources Board|ARB|CA Air Resources Board
California Department of Conservation,DOC,Dept of Conservation|CA DOC|CA Department of Conservation,State Agency,Statewide,Includes Division of Water Rights (historical),California Department of Conservation|DOC|Dept of Conservation|CA DOC|CA Department of Conservation
California Governor's Office of Planning and Research,OPR,Office of Planning and Research|CA OPR,State Agency,Statewide,,California Governor's Office of Planning and Research|OPR|Office of Planning and Research|CA OPR
California Department of Housing and Community Development,HCD,Dept of Housing and Community Development|CA HCD,State Agency,Statewide,,California Department of Housing and Community Development|HCD|Dept of Housing and Community Development|CA HCD
California Energy Commission,CEC,CA Energy Commission,State Agency,Statewide,,California Energy Commission|CEC|CA Energy Commission
Strategic Growth Council,SGC,CA Strategic Growth Council,State Agency,Statewide,,Strategic Growth Council|SGC|CA Strategic Growth Council
Ocean Protection Council,OPC,CA Ocean Protection Council,State Agency,Statewide,,Ocean Protection Council|OPC|CA Ocean Protection Council
Delta Stewardship Council,DSC,Delta Council,State Agency,Sacramento-San Joaquin Delta,Oversees Delta Plan,Delta Stewardship Council|DSC|Delta Council
Delta Protection Commission,DPC,CA Delta Protection Commission,State Agency,Sacramento-San Joaquin Delta,,Delta Protection Commission|DPC|CA Delta Protection Commission
Sacramento-San Joaquin Delta Conservancy,Delta Conservancy,SSJDC|Delta Conservancy,State Agency,Sacramento-San Joaquin Delta,,Sacramento-San Joaquin Delta Conservancy|Delta Conservancy|SSJDC
California Water Commission,CWC,CA Water Commission,State Agency,Statewide,Advisory body to DWR; administers Water Storage Investment Program (WSIP),California Water Commission|CWC|CA Water Commission
Sacramento Area Flood Control Agency,SAFCA,Sacramento Flood Control Agency,State Agency,North Sacramento Valley,,Sacramento Area Flood Control Agency|SAFCA|Sacramento Flood Control Agency
California Department of Pesticide Regulation,CDPR,Dept of Pesticide Regulation|CA DPR,State Agency,Statewide,,California Department of Pesticide Regulation|CDPR|Dept of Pesticide Regulation|CA DPR
California Department of Toxic Substances Control,DTSC,Dept of Toxic Substances Control|CA DTSC,State Agency,Statewide,,California Department of Toxic Substances Control|DTSC|Dept of Toxic Substances Control|CA DTSC
Salton Sea Management Program,SSMP,Salton Sea Authority|Salton Sea Program,State Agency,Salton Sea|Imperial,Joint state program (CNRA/CDFW),Salton Sea Management Program|SSMP|Salton Sea Authority|Salton Sea Program
U.S. Bureau of Reclamation,USBR,Bureau of Reclamation|BoR|BOR|Reclamation|US Bureau of Reclamation,Federal Agency,Statewide,Operates Central Valley Project (CVP),U.S. Bureau of Reclamation|USBR|Bureau of Reclamation|BoR|BOR|Reclamation|US Bureau of Reclamation
U.S. Army Corps of Engineers,USACE,Army Corps|Corps of Engineers|Army Corps of Engineers|US Army Corps,Federal Agency,Statewide,"Flood control, permitting, water infrastructure",U.S. Army Corps of Engineers|USACE|Army Corps|Corps of Engineers|Army Corps of Engineers|US Army Corps
U.S. Environmental Protection Agency,US EPA,EPA|U.S. EPA|United States Environmental Protection Agency|Federal EPA,Federal Agency,Statewide,,U.S. Environmental Protection Agency|US EPA|EPA|U.S. EPA|United States Environmental Protection Agency|Federal EPA
U.S. Geological Survey,USGS,US Geological Survey|United States Geological Survey,Federal Agency,Statewide,Water data and monitoring,U.S. Geological Survey|USGS|US Geological Survey|United States Geological Survey
U.S. Fish and Wildlife Service,USFWS,Fish and Wildlife Service|FWS|US Fish & Wildlife,Federal Agency,Statewide,,U.S. Fish and Wildlife Service|USFWS|Fish and Wildlife Service|FWS|US Fish & Wildlife
National Marine Fisheries Service,NMFS,NOAA Fisheries|NOAA NMFS|National Oceanic and Atmospheric Administration Fisheries,Federal Agency,Statewide,,National Marine Fisheries Service|NMFS|NOAA Fisheries|NOAA NMFS|National Oceanic and Atmospheric Administration Fisheries
Natural Resources Conservation Service,NRCS,US NRCS|Soil Conservation Service|SCS,Federal Agency,Statewide,Formerly Soil Conservation Service (SCS),Natural Resources Conservation Service|NRCS|US NRCS|Soil Conservation Service|SCS
Farm Service Agency,FSA,USDA FSA|US Farm Service Agency,Federal Agency,Statewide,,Farm Service Agency|FSA|USDA FSA|US Farm Service Agency
U.S. Forest Service,USFS,Forest Service|US Forest Service|United States Forest Service,Federal Agency,Statewide,,U.S. Forest Service|USFS|Forest Service|US Forest Service|United States Forest Service
Bureau of Land Management,BLM,US BLM|US Bureau of Land Management,Federal Agency,Statewide,,Bureau of Land Management|BLM|US BLM|US Bureau of Land Management
National Park Service,NPS,US National Park Service|US NPS,Federal Agency,Statewide,,National Park Service|NPS|US National Park Service|US NPS
Federal Emergency Management Agency,FEMA,US FEMA,Federal Agency,Statewide,Flood mapping and disaster funding,Federal Emergency Management Agency|FEMA|US FEMA
U.S. Department of Agriculture,USDA,US Department of Agriculture|United States Department of Agriculture,Federal Agency,Statewide,,U.S. Department of Agriculture|USDA|US Department of Agriculture|United States Department of Agriculture
U.S. Department of the Interior,DOI,Department of Interior|US DOI|Interior Department,Federal Agency,Statewide,,U.S. Department of the Interior|DOI|Department of Interior|US DOI|Interior Department
North Coast Regional Water Quality Control Board,North Coast RWQCB,Region 1 Water Board|North Coast Water Board|North Coast Regional Board,Regional Water Quality Control Board,North Coast,Region 1,North Coast Regional Water Quality Control Board|North Coast RWQCB|Region 1 Water Board|North Coast Water Board|North Coast Regional Board
San Francisco Bay Regional Water Quality Control Board,San Francisco Bay RWQCB,Region 2 Water Board|SF Bay Regional Board|Bay RWQCB|SF Bay Water Board,Regional Water Quality Control Board,Bay Area,Region 2,San Francisco Bay Regional Water Quality Control Board|San Francisco Bay RWQCB|Region 2 Water Board|SF Bay Regional Board|Bay RWQCB|SF Bay Water Board
Central Coast Regional Water Quality Control Board,Central Coast RWQCB,Region 3 Water Board|Central Coast Regional Board|Central Coast Water Board,Regional Water Quality Control Board,Central Coast,Region 3,Central Coast Regional Water Quality Control Board|Central Coast RWQCB|Region 3 Water Board|Central Coast Regional Board|Central Coast Water Board
Los Angeles Regional Water Quality Control Board,Los Angeles RWQCB,Region 4 Water Board|LA Regional Board|LA RWQCB|LA Water Board,Regional Water Quality Control Board,Greater Los Angeles County,Region 4,Los Angeles Regional Water Quality Control Board|Los Angeles RWQCB|Region 4 Water Board|LA Regional Board|LA RWQCB|LA Water Board
Central Valley Regional Water Quality Control Board,Central Valley RWQCB,Region 5 Water Board|Central Valley Regional Board|Central Valley Water Board,Regional Water Quality Control Board,North Sacramento Valley|Sacramento Valley|Eastern San Joaquin|San Joaquin River|Tulare Lake|Kern County,"Region 5; offices in Sacramento, Fresno, Redding",Central Valley Regional Water Quality Control Board|Central Valley RWQCB|Region 5 Water Board|Central Valley Regional Board|Central Valley Water Board
Lahontan Regional Water Quality Control Board,Lahontan RWQCB,Region 6 Water Board|Lahontan Regional Board|Lahontan Water Board,Regional Water Quality Control Board,Lahontan Basin|Inyo-Mono|Lake Tahoe,Region 6; offices in South Lake Tahoe and Victorville,Lahontan Regional Water Quality Control Board|Lahontan RWQCB|Region 6 Water Board|Lahontan Regional Board|Lahontan Water Board
Colorado River Basin Regional Water Quality Control Board,Colorado River Basin RWQCB,Region 7 Water Board|Colorado River Regional Board|Colorado River Water Board,Regional Water Quality Control Board,Imperial|Coachella Valley,Region 7,Colorado River Basin Regional Water Quality Control Board|Colorado River Basin RWQCB|Region 7 Water Board|Colorado River Regional Board|Colorado River Water Board
Santa Ana Regional Water Quality Control Board,Santa Ana RWQCB,Region 8 Water Board|Santa Ana Regional Board|Santa Ana Water Board,Regional Water Quality Control Board,Santa Ana Watershed|Inland Empire,Region 8,Santa Ana Regional Water Quality Control Board|Santa Ana RWQCB|Region 8 Water Board|Santa Ana Regional Board|Santa Ana Water Board
San Diego Regional Water Quality Control Board,San Diego RWQCB,Region 9 Water Board|San Diego Regional Board|San Diego Water Board,Regional Water Quality Control Board,San Diego|South Bay,Region 9,San Diego Regional Water Quality Control Board|San Diego RWQCB|Region 9 Water Board|San Diego Regional Board|San Diego Water Board
Metropolitan Water District of Southern California,MWD,The Metropolitan Water District|Metropolitan|Met|MWD of Southern California|Metropolitan Water District,Water Authority / Wholesaler,Greater Los Angeles County|South Coast|Orange County|San Diego|Inland Empire|Coachella Valley,Largest municipal water supplier in US; serves ~19 million people in 6 counties,Metropolitan Water District of Southern California|MWD|The Metropolitan Water District|Metropolitan|Met|MWD of Southern California|Metropolitan Water District
San Francisco Public Utilities Commission,SFPUC,SF PUC|San Francisco PUC|SFPUC,Municipal Utility,Bay Area|East Bay|Santa Clara Valley,Operates Hetch Hetchy water system,San Francisco Public Utilities Commission|SFPUC|SF PUC|San Francisco PUC
East Bay Municipal Utility District,EBMUD,East Bay MUD|EBMUD,Water District,East Bay,Serves Alameda and Contra Costa counties,East Bay Municipal Utility District|EBMUD|East Bay MUD
San Diego County Water Authority,SDCWA,SDCWA|SD County Water Authority|San Diego Water Authority|SD Water Authority,Water Authority / Wholesaler,San Diego,Regional water wholesaler for San Diego County; member agency of MWD,San Diego County Water Authority|SDCWA|SD County Water Authority|San Diego Water Authority|SD Water Authority
Santa Clara Valley Water District,Valley Water,SCVWD|Santa Clara Valley Water|Valley Water District|Santa Clara Valley Water District,Water District,Santa Clara Valley,Rebranded as 'Valley Water' in 2020,Santa Clara Valley Water District|Valley Water|SCVWD|Santa Clara Valley Water|Valley Water District
Alameda County Water District,ACWD,Alameda County Water|ACWD,Water District,East Bay,,Alameda County Water District|ACWD|Alameda County Water
Contra Costa Water District,CCWD,Contra Costa Water|CCWD,Water District,East Bay|East Contra Costa County,,Contra Costa Water District|CCWD|Contra Costa Water
Marin Municipal Water District,MMWD,Marin Water|MMWD|Marin Municipal Water,Water District,North Bay,,Marin Municipal Water District|MMWD|Marin Water|Marin Municipal Water
Sonoma County Water Agency,SCWA,Sonoma Water|SCWA|Sonoma County Water,Water Authority / Wholesaler,North Bay|Russian River,,Sonoma County Water Agency|SCWA|Sonoma Water|Sonoma County Water
Bay Area Water Supply and Conservation Agency,BAWSCA,BAWSCA,Water Authority / Wholesaler,Bay Area,Member agencies that purchase Hetch Hetchy water from SFPUC,Bay Area Water Supply and Conservation Agency|BAWSCA
Zone 7 Water Agency,Zone 7,Zone 7|Alameda County Flood Control and Water Conservation District Zone 7,Water District,East Bay,Serves Livermore/Amador/Tri-Valley area,Zone 7 Water Agency|Zone 7|Alameda County Flood Control and Water Conservation District Zone 7
Calleguas Municipal Water District,Calleguas,CMWD|Calleguas MWD,Water District,Ventura County,,Calleguas Municipal Water District|Calleguas|CMWD|Calleguas MWD
Las Virgenes Municipal Water District,LVMWD,Las Virgenes Water|Las Virgenes MWD,Water District,South Coast|Greater Los Angeles County,,Las Virgenes Municipal Water District|LVMWD|Las Virgenes Water|Las Virgenes MWD
Municipal Water District of Orange County,MWDOC,Orange County MWD|MWDOC,Water Authority / Wholesaler,Orange County,Purchases imported water from MWD for Orange County member agencies,Municipal Water District of Orange County|MWDOC|Orange County MWD
Orange County Water District,OCWD,OC Water District|OCWD,Water District,Orange County,Manages Orange County Groundwater Basin,Orange County Water District|OCWD|OC Water District
Eastern Municipal Water District,EMWD,Eastern Municipal Water|EMWD,Water District,Inland Empire,Serves western Riverside County and northern San Diego County,Eastern Municipal Water District|EMWD|Eastern Municipal Water
Western Municipal Water District,WMWD,Western MWD|WMWD|Western Municipal Water,Water District,Inland Empire,,Western Municipal Water District|WMWD|Western MWD|Western Municipal Water
Inland Empire Utilities Agency,IEUA,Inland Empire Utilities|IEUA,Water Authority / Wholesaler,Inland Empire,Wholesale water and wastewater services in western San Bernardino County,Inland Empire Utilities Agency|IEUA|Inland Empire Utilities
Desert Water Agency,DWA,Desert Water|DWA,Water District,Coachella Valley,Serves Palm Springs area,Desert Water Agency|DWA|Desert Water
Coachella Valley Water District,CVWD,Coachella Valley Water|CVWD,Water District,Coachella Valley,,Coachella Valley Water District|CVWD|Coachella Valley Water
Imperial Irrigation District,IID,Imperial Irrigation|IID,Irrigation District,Imperial|Coachella Valley,Largest holder of Colorado River water rights in US,Imperial Irrigation District|IID|Imperial Irrigation
Antelope Valley-East Kern Water Agency,AVEK,AVEK|Antelope Valley East Kern Water,Water Authority / Wholesaler,Antelope Valley,,Antelope Valley-East Kern Water Agency|AVEK|Antelope Valley East Kern Water
Mojave Water Agency,MWA,Mojave Water|MWA,Water Authority / Wholesaler,Mojave,,Mojave Water Agency|MWA|Mojave Water
Kern County Water Agency,KCWA,Kern Water Agency|KCWA,Water Authority / Wholesaler,Kern County,,Kern County Water Agency|KCWA|Kern Water Agency
Westlands Water District,WWD,Westlands|WWD,Water District,Tulare Lake,Largest federal water contractor in US (CVP); west side San Joaquin Valley,Westlands Water District|WWD|Westlands
San Luis-Delta Mendota Water Authority,SLDMWA,San Luis Delta Mendota|SLDMWA,Water Authority / Wholesaler,Tulare Lake|San Joaquin River,Represents federal CVP contractors on west side of San Joaquin Valley,San Luis-Delta Mendota Water Authority|SLDMWA|San Luis Delta Mendota
Friant Water Authority,FWA,Friant Water|FWA,Water Authority / Wholesaler,San Joaquin River|Tulare Lake|Madera,Represents CVP contractors along Friant-Kern and Madera canals,Friant Water Authority|FWA|Friant Water
San Joaquin River Exchange Contractors Water Authority,Exchange Contractors,Exchange Contractors|San Joaquin Exchange Contractors|SJREC,Water Authority / Wholesaler,San Joaquin River,,San Joaquin River Exchange Contractors Water Authority|Exchange Contractors|San Joaquin Exchange Contractors|SJREC
Placer County Water Agency,PCWA,Placer Water|PCWA,Water District,American River Basin,,Placer County Water Agency|PCWA|Placer Water
Nevada Irrigation District,NID,Nevada Irrigation|NID,Irrigation District,American River Basin|CABY,Serves Nevada and Placer counties,Nevada Irrigation District|NID|Nevada Irrigation
El Dorado Irrigation District,EID,El Dorado Irrigation|EID,Irrigation District,El Dorado,,El Dorado Irrigation District|EID|El Dorado Irrigation
Sacramento County Water Agency,SCWA,Sacramento Water Agency|Sac County Water Agency,Water District,North Sacramento Valley,Note: SCWA abbreviation also used by Sonoma County Water Agency — use full name to disambiguate,Sacramento County Water Agency|SCWA|Sacramento Water Agency|Sac County Water Agency
North Marin Water District,NMWD,North Marin Water|NMWD,Water District,North Bay,,North Marin Water District|NMWD|North Marin Water
Napa County Flood Control and Water Conservation District,NCFCWCD,Napa County Flood Control|Napa Flood Control|Napa Water District,Water District,North Bay,,Napa County Flood Control and Water Conservation District|NCFCWCD|Napa County Flood Control|Napa Flood Control|Napa Water District
Monterey Peninsula Water Management District,MPWMD,Monterey Peninsula Water|MPWMD,Water District,Monterey Peninsula/Carmel Bay/South Monterey,,Monterey Peninsula Water Management District|MPWMD|Monterey Peninsula Water
Monterey County Water Resources Agency,MCWRA,Monterey County Water|MCWRA,Water District,Greater Monterey County|Salinas Valley,,Monterey County Water Resources Agency|MCWRA|Monterey County Water
Pajaro Valley Water Management Agency,PVWMA,Pajaro Valley Water|PVWMA,Water District,Pajaro River Watershed,,Pajaro Valley Water Management Agency|PVWMA|Pajaro Valley Water
Santa Cruz Water Department,SCWD,City of Santa Cruz Water|Santa Cruz Water|SCWD,Municipal Utility,Santa Cruz,,Santa Cruz Water Department|SCWD|City of Santa Cruz Water|Santa Cruz Water
Soquel Creek Water District,SqCWD,Soquel Creek Water|SqCWD,Water District,Santa Cruz,,Soquel Creek Water District|SqCWD|Soquel Creek Water
Santa Barbara County Water Agency,SBCWA,Santa Barbara Water Agency|SBCWA,Water District,Central Coast,,Santa Barbara County Water Agency|SBCWA|Santa Barbara Water Agency
Casitas Municipal Water District,Casitas,Casitas MWD|CMWD,Water District,Ventura County,,Casitas Municipal Water District|Casitas|Casitas MWD|CMWD
Ventura County Watershed Protection District,VCWPD,Ventura Watershed Protection|VCWPD,Water District,Ventura County,,Ventura County Watershed Protection District|VCWPD|Ventura Watershed Protection
Yuba Water Agency,YWA,Yuba County Water Agency|YCWA|Yuba Water,Water District,Feather River|CABY,,Yuba Water Agency|YWA|Yuba County Water Agency|YCWA|Yuba Water
Feather River Water Association,FRWA,Feather River Water|FRWA,Water Authority / Wholesaler,Feather River,,Feather River Water Association|FRWA|Feather River Water
Oroville-Wyandotte Irrigation District,OWID,Oroville Wyandotte Irrigation|OWID,Irrigation District,Feather River,,Oroville-Wyandotte Irrigation District|OWID|Oroville Wyandotte Irrigation
Shasta County Water Agency,SCWA,Shasta Water Agency|SCWA,Water District,North Sacramento Valley,Note: SCWA also used by Sacramento County and Sonoma County — use full name,Shasta County Water Agency|SCWA|Shasta Water Agency
Glenn-Colusa Irrigation District,GCID,Glenn Colusa Irrigation|GCID,Irrigation District,North Sacramento Valley,,Glenn-Colusa Irrigation District|GCID|Glenn Colusa Irrigation
Tehama-Colusa Canal Authority,TCCA,Tehama Colusa Canal|TCCA,Water Authority / Wholesaler,North Sacramento Valley,,Tehama-Colusa Canal Authority|TCCA|Tehama Colusa Canal
Yolo County Flood Control and Water Conservation District,YCFCWCD,Yolo County Flood Control|Yolo Flood Control|Yolo County Water|YCFCWCD,Water District,North Sacramento Valley|Sacramento Valley,,Yolo County Flood Control and Water Conservation District|YCFCWCD|Yolo County Flood Control|Yolo Flood Control|Yolo County Water
North Delta Water Agency,NDWA,North Delta Water|NDWA,Water District,Sacramento-San Joaquin Delta,,North Delta Water Agency|NDWA|North Delta Water
Central Delta Water Agency,CDWA,Central Delta Water|CDWA,Water District,Sacramento-San Joaquin Delta,,Central Delta Water Agency|CDWA|Central Delta Water
South Delta Water Agency,SDWA,South Delta Water|SDWA,Water District,Sacramento-San Joaquin Delta,,South Delta Water Agency|SDWA|South Delta Water
Turlock Irrigation District,TID,Turlock Irrigation|TID,Irrigation District,East Stanislaus,,Turlock Irrigation District|TID|Turlock Irrigation
Modesto Irrigation District,MID,Modesto Irrigation|MID,Irrigation District,East Stanislaus,Note: MID abbreviation also used for Merced and Madera Irrigation Districts,Modesto Irrigation District|MID|Modesto Irrigation
Oakdale Irrigation District,OID,Oakdale Irrigation|OID,Irrigation District,East Stanislaus,,Oakdale Irrigation District|OID|Oakdale Irrigation
South San Joaquin Irrigation District,SSJID,South San Joaquin Irrigation|SSJID,Irrigation District,East Stanislaus,,South San Joaquin Irrigation District|SSJID|South San Joaquin Irrigation
Merced Irrigation District,MID,Merced Irrigation|Merced ID,Irrigation District,Merced,Note: MID abbreviation also used by Modesto and Madera Irrigation Districts,Merced Irrigation District|MID|Merced Irrigation|Merced ID
Madera Irrigation District,MID,Madera Irrigation|Madera ID,Irrigation District,Madera,Note: MID abbreviation also used by Modesto and Merced Irrigation Districts,Madera Irrigation District|MID|Madera Irrigation|Madera ID
Fresno Irrigation District,FID,Fresno Irrigation|FID,Irrigation District,San Joaquin River,,Fresno Irrigation District|FID|Fresno Irrigation
Kings River Water Association,KRWA,Kings River Water|KRWA,Water Authority / Wholesaler,Kings Basin,,Kings River Water Association|KRWA|Kings River Water
Kings River Conservation District,KRCD,Kings River Conservation|KRCD,Water District,Kings Basin,,Kings River Conservation District|KRCD|Kings River Conservation
Lower Tule River Irrigation District,LTRID,Lower Tule River Irrigation|LTRID,Irrigation District,Tulare Lake,,Lower Tule River Irrigation District|LTRID|Lower Tule River Irrigation
Arvin-Edison Water Storage District,AEWSD,Arvin Edison|Arvin-Edison Water|AEWSD,Water District,Kern County,,Arvin-Edison Water Storage District|AEWSD|Arvin Edison|Arvin-Edison Water
Tehachapi-Cummings County Water District,TCCWD,Tehachapi Cummings Water|TCCWD,Water District,Kern County,,Tehachapi-Cummings County Water District|TCCWD|Tehachapi Cummings Water
Del Puerto Water District,DPWD,Del Puerto Water|DPWD,Water District,San Joaquin River,,Del Puerto Water District|DPWD|Del Puerto Water
Byron-Bethany Irrigation District,BBID,Byron Bethany Irrigation|BBID,Irrigation District,East Contra Costa County,,Byron-Bethany Irrigation District|BBID|Byron Bethany Irrigation
Humboldt Bay Municipal Water District,HBMWD,Humboldt Bay Water|Humboldt MWD|HBMWD,Water District,North Coast,,Humboldt Bay Municipal Water District|HBMWD|Humboldt Bay Water|Humboldt MWD
Upper San Gabriel Valley Municipal Water District,USGVMWD,Upper San Gabriel MWD|Upper San Gabriel Water|USGVMWD,Water District,San Gabriel Valley,,Upper San Gabriel Valley Municipal Water District|USGVMWD|Upper San Gabriel MWD|Upper San Gabriel Water
Main San Gabriel Basin Watermaster,Watermaster,San Gabriel Basin Watermaster|Main San Gabriel Watermaster,Joint Powers Authority,San Gabriel Valley,,Main San Gabriel Basin Watermaster|Watermaster|San Gabriel Basin Watermaster|Main San Gabriel Watermaster
San Gabriel Valley Municipal Water District,SGVMWD,San Gabriel Valley Water|SGVMWD,Water District,San Gabriel Valley,,San Gabriel Valley Municipal Water District|SGVMWD|San Gabriel Valley Water
Central Basin Municipal Water District,CBMWD,Central Basin MWD|Central Basin Water|CBMWD,Water District,Greater Los Angeles County,,Central Basin Municipal Water District|CBMWD|Central Basin MWD|Central Basin Water
West Basin Municipal Water District,WBMWD,West Basin MWD|West Basin Water|WBMWD,Water District,Greater Los Angeles County,,West Basin Municipal Water District|WBMWD|West Basin MWD|West Basin Water
Three Valleys Municipal Water District,TVMWD,Three Valleys MWD|Three Valleys Water|TVMWD,Water District,Greater Los Angeles County,,Three Valleys Municipal Water District|TVMWD|Three Valleys MWD|Three Valleys Water
Foothill Municipal Water District,FMWD,Foothill MWD|Foothill Water|FMWD,Water District,Greater Los Angeles County,,Foothill Municipal Water District|FMWD|Foothill MWD|Foothill Water
Pomona Valley Municipal Water District,PVMWD,Pomona Valley MWD|PVMWD,Water District,Greater Los Angeles County,,Pomona Valley Municipal Water District|PVMWD|Pomona Valley MWD
Los Angeles County Flood Control District,LACFCD,LA County Flood Control|LA Flood Control|LACFCD,Water District,Greater Los Angeles County,,Los Angeles County Flood Control District|LACFCD|LA County Flood Control|LA Flood Control
Los Angeles County Department of Public Works,LACDPW,LA County Public Works|LA County DPW|LACDPW,Municipal Utility,Greater Los Angeles County,,Los Angeles County Department of Public Works|LACDPW|LA County Public Works|LA County DPW
Los Angeles Department of Water and Power,LADWP,LA DWP|LADWP|Los Angeles DWP|LA Water and Power,Municipal Utility,Greater Los Angeles County,Largest municipal water utility in US,Los Angeles Department of Water and Power|LADWP|LA DWP|Los Angeles DWP|LA Water and Power
Los Angeles County Sanitation Districts,LACSD,LA County Sanitation Districts|LACSD,Sanitation District / Wastewater,Greater Los Angeles County,,Los Angeles County Sanitation Districts|LACSD|LA County Sanitation Districts
Orange County Sanitation District,OCSD,OC Sanitation District|OCSD,Sanitation District / Wastewater,Orange County,,Orange County Sanitation District|OCSD|OC Sanitation District
City of San Diego Public Utilities Department,PUD,San Diego Water|City of San Diego Water|San Diego PUD,Municipal Utility,San Diego,,City of San Diego Public Utilities Department|PUD|San Diego Water|City of San Diego Water|San Diego PUD
Otay Water District,OWD,Otay Water|OWD,Water District,San Diego,,Otay Water District|OWD|Otay Water
Helix Water District,HWD,Helix Water|HWD,Water District,San Diego,,Helix Water District|HWD|Helix Water
Padre Dam Municipal Water District,Padre Dam,Padre Dam MWD|Padre Dam Water,Water District,San Diego,,Padre Dam Municipal Water District|Padre Dam|Padre Dam MWD|Padre Dam Water
Olivenhain Municipal Water District,OMWD,Olivenhain Water|OMWD,Water District,San Diego,,Olivenhain Municipal Water District|OMWD|Olivenhain Water
Sweetwater Authority,SWA,Sweetwater Water|SWA,Water Authority / Wholesaler,San Diego,,Sweetwater Authority|SWA|Sweetwater Water
Rincon del Diablo Municipal Water District,RDDMWD,Rincon del Diablo Water|Rincon MWD|RDDMWD,Water District,San Diego,,Rincon del Diablo Municipal Water District|RDDMWD|Rincon del Diablo Water|Rincon MWD
Valley Center Municipal Water District,VCMWD,Valley Center Water|VCMWD,Water District,San Diego,,Valley Center Municipal Water District|VCMWD|Valley Center Water
Ramona Municipal Water District,RMWD,Ramona Water|RMWD,Water District,San Diego,,Ramona Municipal Water District|RMWD|Ramona Water
Rainbow Municipal Water District,RMWD,Rainbow Water|Rainbow MWD,Water District,San Diego,Note: RMWD also used by Ramona Municipal Water District,Rainbow Municipal Water District|RMWD|Rainbow Water|Rainbow MWD
Fallbrook Public Utility District,FPUD,Fallbrook Utility District|FPUD,Water District,San Diego,,Fallbrook Public Utility District|FPUD|Fallbrook Utility District
Rancho California Water District,RCWD,Rancho California Water|RCWD,Water District,Inland Empire,,Rancho California Water District|RCWD|Rancho California Water
Elsinore Valley Municipal Water District,EVMWD,Elsinore Valley Water|EVMWD,Water District,Inland Empire,,Elsinore Valley Municipal Water District|EVMWD|Elsinore Valley Water
Dublin San Ramon Services District,DSRSD,Dublin San Ramon Services|DSRSD,Sanitation District / Wastewater,East Bay,,Dublin San Ramon Services District|DSRSD|Dublin San Ramon Services
East Bay Dischargers Authority,EBDA,East Bay Dischargers|EBDA,Joint Powers Authority,East Bay,Wastewater treatment JPA,East Bay Dischargers Authority|EBDA|East Bay Dischargers
Central Contra Costa Sanitary District,Central San,Central San|CCCSD|Central Contra Costa Sanitary,Sanitation District / Wastewater,East Bay,,Central Contra Costa Sanitary District|Central San|CCCSD|Central Contra Costa Sanitary
Sacramento Regional County Sanitation District,SRCSD,Sacramento Regional Sanitation|Sac Regional Sanitation|SRCSD,Sanitation District / Wastewater,North Sacramento Valley,,Sacramento Regional County Sanitation District|SRCSD|Sacramento Regional Sanitation|Sac Regional Sanitation
Santa Ana Watershed Project Authority,SAWPA,Santa Ana Watershed Authority|SAWPA,Joint Powers Authority,Santa Ana Watershed|Inland Empire,Manages the IRWM for the Santa Ana watershed region,Santa Ana Watershed Project Authority|SAWPA|Santa Ana Watershed Authority
Borrego Water District,BWD,Borrego Water|BWD,Water District,Anza Borrego Desert,,Borrego Water District|BWD|Borrego Water
City of Burbank Water and Power,BWP,Burbank Water and Power|BWP|Burbank Water,Municipal Utility,Greater Los Angeles County,,City of Burbank Water and Power|BWP|Burbank Water and Power|Burbank Water
"City of Glendale Public Works, Water and Power",GWP,Glendale Water and Power|GWP|Glendale Water,Municipal Utility,Greater Los Angeles County,,"City of Glendale Public Works, Water and Power|GWP|Glendale Water and Power|Glendale Water"
Pasadena Water and Power,PWP,Pasadena Water|PWP|City of Pasadena Water,Municipal Utility,Greater Los Angeles County,,Pasadena Water and Power|PWP|Pasadena Water|City of Pasadena Water
Fresno Metropolitan Flood Control District,FMFCD,Fresno Flood Control|Fresno Metro Flood|FMFCD,Water District,San Joaquin River,,Fresno Metropolitan Flood Control District|FMFCD|Fresno Flood Control|Fresno Metro Flood
City of Fresno Department of Public Utilities,Fresno DPU,Fresno Water|City of Fresno Water|Fresno DPU,Municipal Utility,San Joaquin River,,City of Fresno Department of Public Utilities|Fresno DPU|Fresno Water|City of Fresno Water
Tahoe-Truckee Sanitation Agency,T-TSA,Tahoe Truckee Sanitation|T-TSA|TTSA,Sanitation District / Wastewater,Lake Tahoe,,Tahoe-Truckee Sanitation Agency|T-TSA|Tahoe Truckee Sanitation|TTSA
Truckee Meadows Water Authority,TMWA,Truckee Meadows Water|TMWA,Water Authority / Wholesaler,Lake Tahoe,Based in Nevada; relevant to Truckee River watershed,Truckee Meadows Water Authority|TMWA|Truckee Meadows Water
North Coast County Water District,NCCWD,North Coast County Water|NCCWD,Water District,North Bay,,North Coast County Water District|NCCWD|North Coast County Water
Mokelumne/Amador/Calaveras Integrated Regional Water Management Group,MAC,MAC IRWM|Mokelumne Amador Calaveras|MAC Group,Collaborative / Advisory Body,Mokelumne/Amador/Calaveras,,Mokelumne/Amador/Calaveras Integrated Regional Water Management Group|MAC|MAC IRWM|Mokelumne Amador Calaveras|MAC Group
Cosumnes/American/Bear/Yuba IRWM Region,CABY,CABY Region|Cosumnes American Bear Yuba|CABY IRWM,Collaborative / Advisory Body,CABY,,Cosumnes/American/Bear/Yuba IRWM Region|CABY|CABY Region|Cosumnes American Bear Yuba|CABY IRWM
Kern Groundwater Authority,KGA,Kern Groundwater|KGA,Groundwater Sustainability Agency,Kern County,Formed under SGMA for Kern Subbasin,Kern Groundwater Authority|KGA|Kern Groundwater
Fresno Groundwater Authority,FGA,Fresno Groundwater|FGA,Groundwater Sustainability Agency,San Joaquin River,Formed under SGMA for Kings Subbasin/Fresno area,Fresno Groundwater Authority|FGA|Fresno Groundwater
Kings River Conservation District GSA,KRCD GSA,Kings River GSA|KRCD GSA,Groundwater Sustainability Agency,Kings Basin,SGMA GSA for Kings Subbasin,Kings River Conservation District GSA|KRCD GSA|Kings River GSA
East Kaweah Groundwater Sustainability Agency,East Kaweah GSA,East Kaweah GSA,Groundwater Sustainability Agency,Kaweah River Basin,,East Kaweah Groundwater Sustainability Agency|East Kaweah GSA
Montecito Groundwater Sustainability Agency,Montecito GSA,Montecito GSA,Groundwater Sustainability Agency,Central Coast,,Montecito Groundwater Sustainability Agency|Montecito GSA
Pajaro Valley Water Management Agency GSA,PVWMA GSA,Pajaro Valley GSA|PVWMA GSA,Groundwater Sustainability Agency,Pajaro River Watershed,,Pajaro Valley Water Management Agency GSA|PVWMA GSA|Pajaro Valley GSA
San Joaquin Valley Drainage Program,SJVDP,San Joaquin Drainage Program|SJVDP,Collaborative / Advisory Body,San Joaquin River|Tulare Lake,Joint federal-state program addressing drainage in San Joaquin Valley,San Joaquin Valley Drainage Program|SJVDP|San Joaquin Drainage Program
Sustainable Groundwater Management Act,SGMA,SGMA,Regulatory Framework,Statewide,2014 state law; not an agency but frequently cited as an actor in IRWM plans,Sustainable Groundwater Management Act|SGMA
Sacramento Valley Water Alliance,SVWA,Sacramento Valley Water|SVWA,Collaborative / Advisory Body,North Sacramento Valley|Sacramento Valley,,Sacramento Valley Water Alliance|SVWA|Sacramento Valley Water
Northern California Water Association,NCWA,Northern California Water|NCWA,Collaborative / Advisory Body,North Sacramento Valley,Represents Sacramento Valley water rights holders,Northern California Water Association|NCWA|Northern California Water
Association of California Water Agencies,ACWA,ACWA|CA Water Agencies,Collaborative / Advisory Body,Statewide,Largest statewide coalition of public water agencies; ~470 members,Association of California Water Agencies|ACWA|CA Water Agencies
California Association of Sanitation Agencies,CASA,CASA|CA Sanitation Agencies,Collaborative / Advisory Body,Statewide,,California Association of Sanitation Agencies|CASA|CA Sanitation Agencies
California Water Agencies Joint Powers Authority,CalWater JPA,CA Water Agencies JPA,Joint Powers Authority,Statewide,,California Water Agencies Joint Powers Authority|CalWater JPA|CA Water Agencies JPA
California Urban Water Agencies,CUWA,CA Urban Water Agencies|CUWA,Collaborative / Advisory Body,Statewide,,California Urban Water Agencies|CUWA|CA Urban Water Agencies
Regional Water Authority,RWA,Sacramento Regional Water Authority|RWA,Collaborative / Advisory Body,North Sacramento Valley,,Regional Water Authority|RWA|Sacramento Regional Water Authority
Klamath River Renewal Corporation,KRRC,Klamath River Renewal|KRRC,Collaborative / Advisory Body,North Coast|Klamath Basin,Led dam removal on the Klamath River (completed 2024),Klamath River Renewal Corporation|KRRC|Klamath River Renewal
Sites Project Authority,SPA,Sites Reservoir Authority|Sites Project|SPA,Collaborative / Advisory Body,North Sacramento Valley,Planning Sites Reservoir off-stream storage project,Sites Project Authority|SPA|Sites Reservoir Authority|Sites Project
California WaterFix,WaterFix,California WaterFix|Delta Tunnels|Twin Tunnels,Regulatory Framework,Sacramento-San Joaquin Delta,Now rebranded as the Delta Conveyance Project (DCP),California WaterFix|WaterFix|Delta Tunnels|Twin Tunnels
Delta Conveyance Project,DCP,Delta Conveyance|Delta Tunnel|DCP|Delta Conveyance Design and Construction Authority,Collaborative / Advisory Body,Sacramento-San Joaquin Delta,Formerly California WaterFix,Delta Conveyance Project|DCP|Delta Conveyance|Delta Tunnel|Delta Conveyance Design and Construction Authority
IRWM Roundtable of Regions,Roundtable of Regions,Roundtable of Regions|IRWM Roundtable,Collaborative / Advisory Body,Statewide,Forum for California's IRWM planning regions,IRWM Roundtable of Regions|Roundtable of Regions|IRWM Roundtable
Western States Water Council,WSWC,Western States Water|WSWC,Collaborative / Advisory Body,Statewide,,Western States Water Council|WSWC|Western States Water
WateReuse California,WateReuse CA,WateReuse|California WateReuse|WateReuse California,Collaborative / Advisory Body,Statewide,Advocates for water recycling and reuse policy,WateReuse California|WateReuse CA|WateReuse|California WateReuse
California Stormwater Quality Association,CASQA,CA Stormwater Quality Association|CASQA,Collaborative / Advisory Body,Statewide,,California Stormwater Quality Association|CASQA|CA Stormwater Quality Association
Bay Area Stormwater Management Agencies Association,BASMAA,Bay Area Stormwater|BASMAA,Collaborative / Advisory Body,Bay Area,,Bay Area Stormwater Management Agencies Association|BASMAA|Bay Area Stormwater
The Nature Conservancy,TNC,Nature Conservancy|TNC|The Nature Conservancy California,Environmental NGO,Statewide,,The Nature Conservancy|TNC|Nature Conservancy|The Nature Conservancy California
Natural Resources Defense Council,NRDC,NRDC|Natural Resources Defense|Natural Resources Defense Council,Environmental NGO,Statewide,Offices in Los Angeles and San Francisco,Natural Resources Defense Council|NRDC|Natural Resources Defense
Environmental Defense Fund,EDF,EDF|Environmental Defense|Environmental Defense Fund,Environmental NGO,Statewide,,Environmental Defense Fund|EDF|Environmental Defense
Pacific Institute,PI,Pacific Institute|PI,Research Organization,Statewide,Oakland-based water and environmental policy research nonprofit,Pacific Institute|PI
American Rivers,AR,American Rivers|AR,Environmental NGO,Statewide,,American Rivers|AR
Friends of the River,FOR,Friends of the River|FOR,Environmental NGO,Statewide,California-focused river conservation advocacy,Friends of the River|FOR
California Trout,CalTrout,CalTrout|California Trout|Cal Trout,Environmental NGO,Statewide,Wild fisheries and watershed conservation,California Trout|CalTrout|Cal Trout
Trout Unlimited,TU,Trout Unlimited|TU,Environmental NGO,Statewide,,Trout Unlimited|TU
Audubon California,Audubon CA,Audubon California|Audubon Society California|California Audubon,Environmental NGO,Statewide,,Audubon California|Audubon CA|Audubon Society California|California Audubon
Center for Biological Diversity,CBD,Center for Biological Diversity|CBD,Environmental NGO,Statewide,,Center for Biological Diversity|CBD
Earthjustice,EJ,Earthjustice|Earth Justice,Environmental NGO,Statewide,Environmental law firm; San Francisco and Los Angeles offices,Earthjustice|EJ|Earth Justice
Planning and Conservation League,PCL,Planning and Conservation League|PCL,Environmental NGO,Statewide,,Planning and Conservation League|PCL
California League of Conservation Voters,CLCV,CA League of Conservation Voters|CLCV,Environmental NGO,Statewide,,California League of Conservation Voters|CLCV|CA League of Conservation Voters
Sierra Club California,Sierra Club CA,Sierra Club|Sierra Club California|Sierra Club CA,Environmental NGO,Statewide,,Sierra Club California|Sierra Club CA|Sierra Club
Mono Lake Committee,MLC,Mono Lake Committee|MLC,Environmental NGO,Inyo-Mono,Advocates for Mono Lake ecosystem restoration,Mono Lake Committee|MLC
Owens Valley Committee,OVC,Owens Valley Committee|OVC,Environmental NGO,Inyo-Mono,,Owens Valley Committee|OVC
Environmental Justice Coalition for Water,EJCW,Environmental Justice Coalition for Water|EJCW,Environmental Justice NGO,Statewide,,Environmental Justice Coalition for Water|EJCW
Community Water Center,CWC,Community Water Center|CWC,Environmental Justice NGO,Tulare Lake|San Joaquin River,Focuses on safe drinking water access for disadvantaged communities in Central Valley,Community Water Center|CWC
Clean Water Fund,CWF,Clean Water Fund|CWF,Environmental NGO,Statewide,,Clean Water Fund|CWF
Clean Water Action,CWA,Clean Water Action|CWA,Environmental NGO,Statewide,Note: CWA also used as abbreviation for Clean Water Act (federal law),Clean Water Action|CWA
California Water Action Collaborative,CWAC,California Water Action Collaborative|CWAC,Collaborative / Advisory Body,Statewide,Multi-stakeholder network for collective water stewardship action,California Water Action Collaborative|CWAC
NGO Groundwater Collaborative,NGC,NGO Groundwater Collaborative|NGC|Groundwater Collaborative,Collaborative / Advisory Body,Statewide,~150 environmental and environmental justice groups advocating for SGMA implementation,NGO Groundwater Collaborative|NGC|Groundwater Collaborative
California Coastkeeper Alliance,CCKA,California Coastkeeper|CCKA|Coastkeeper Alliance,Environmental NGO,Statewide,,California Coastkeeper Alliance|CCKA|California Coastkeeper|Coastkeeper Alliance
Surfrider Foundation,Surfrider,Surfrider Foundation,Environmental NGO,South Coast|San Diego|Orange County,,Surfrider Foundation|Surfrider
Heal the Bay,HTB,Heal the Bay|HTB,Environmental NGO,Greater Los Angeles County|South Coast,,Heal the Bay|HTB
Salton Sea Authority,SSA,Salton Sea Authority|SSA,Collaborative / Advisory Body,Imperial|Coachella Valley,JPA of local agencies for Salton Sea restoration,Salton Sea Authority|SSA
Ducks Unlimited,DU,Ducks Unlimited|DU,Environmental NGO,Statewide,Wetland habitat conservation; active in Central Valley,Ducks Unlimited|DU
California Waterfowl Association,CWA,California Waterfowl|CWA|California Waterfowl Association,Environmental NGO,Statewide,Note: CWA abbreviation also used by Clean Water Action and Clean Water Act,California Waterfowl Association|CWA|California Waterfowl
Tulare Basin Wildlife Partners,TBWP,Tulare Basin Wildlife|TBWP,Environmental NGO,Tulare Lake,,Tulare Basin Wildlife Partners|TBWP|Tulare Basin Wildlife
San Joaquin River Restoration Program,SJRRP,San Joaquin River Restoration|SJRRP,Collaborative / Advisory Body,San Joaquin River,Federal-state program to restore flows and salmon to the San Joaquin River,San Joaquin River Restoration Program|SJRRP|San Joaquin River Restoration
Scott Valley Groundwater Advisory Committee,SVGAC,Scott Valley Advisory Committee|SVGAC|Scott Valley Groundwater,Collaborative / Advisory Body,Klamath Basin,,Scott Valley Groundwater Advisory Committee|SVGAC|Scott Valley Advisory Committee|Scott Valley Groundwater
Self-Help Enterprises,SHE,Self Help Enterprises|SHE,Environmental Justice NGO,Tulare Lake|San Joaquin River|Madera,Supports disadvantaged communities in Central Valley; active in IRWM planning,Self-Help Enterprises|SHE|Self Help Enterprises
California Institute for Rural Studies,CIRS,CA Institute for Rural Studies|CIRS,Research Organization,Statewide,,California Institute for Rural Studies|CIRS|CA Institute for Rural Studies
Water Education Foundation,WEF,Water Education Foundation|WEF,Research Organization,Statewide,Sacramento-based nonprofit that publishes Western Water magazine,Water Education Foundation|WEF
Public Policy Institute of California,PPIC,PPIC|Public Policy Institute|PPIC Water Policy Center,Research Organization,Statewide,Conducts influential research on CA water governance,Public Policy Institute of California|PPIC|Public Policy Institute|PPIC Water Policy Center
UC Davis Center for Watershed Sciences,CWS,Center for Watershed Sciences|UC Davis CWS|CWS,Research Organization,Statewide,University-based water research center,UC Davis Center for Watershed Sciences|CWS|Center for Watershed Sciences|UC Davis CWS
Stanford Woods Institute for the Environment,Stanford Woods,Stanford Water in the West|Stanford Woods Institute|Stanford Woods,Research Organization,Statewide,,Stanford Woods Institute for the Environment|Stanford Woods|Stanford Water in the West|Stanford Woods Institute
Urban Water Institute,UWI,Urban Water Institute|UWI,Collaborative / Advisory Body,Statewide,,Urban Water Institute|UWI
California Agricultural Water Stewardship Initiative,CAWSI,CA Agricultural Water Stewardship|CAWSI,Collaborative / Advisory Body,Statewide,,California Agricultural Water Stewardship Initiative|CAWSI|CA Agricultural Water Stewardship
American Water Works Association,AWWA,AWWA|American Water Works|California-Nevada AWWA|CA-NV AWWA,Collaborative / Advisory Body,Statewide,Water utility professional association,American Water Works Association|AWWA|American Water Works|California-Nevada AWWA|CA-NV AWWA
WaterNow Alliance,WaterNow,WaterNow Alliance|WaterNow,Collaborative / Advisory Body,Statewide,Network of local water leaders advancing sustainable water solutions,WaterNow Alliance|WaterNow
Water Research Foundation,WRF,Water Research Foundation|WRF|Water Research Foundation,Research Organization,Statewide,Formerly Water Research Foundation (WRF) / AwwaRF,Water Research Foundation|WRF
Yurok Tribe,Yurok,Yurok Indian Tribe|Yurok Tribe of the Yurok Reservation,Tribal Entity,North Coast|Klamath Basin,FR; California's largest federally recognized tribe; holds Klamath River fishing and water rights,Yurok Tribe|Yurok|Yurok Indian Tribe|Yurok Tribe of the Yurok Reservation
Karuk Tribe,Karuk,Karuk Tribe of California|Karuk Indian Tribe,Tribal Entity,North Coast|Klamath Basin,FR; active in Klamath dam removal and instream flow advocacy,Karuk Tribe|Karuk|Karuk Tribe of California|Karuk Indian Tribe
Hoopa Valley Tribe,Hoopa,Hoopa Valley Tribe of the Hoopa Valley Reservation|Hupa Tribe,Tribal Entity,North Coast|Klamath Basin,"FR; holds federally protected fishing and water rights; largest CA reservation (~80,000 ac)",Hoopa Valley Tribe|Hoopa|Hoopa Valley Tribe of the Hoopa Valley Reservation|Hupa Tribe
Wiyot Tribe,Wiyot,Wiyot Tribe of the Table Bluff Rancheria|Table Bluff Rancheria,Tribal Entity,North Coast,FR; Humboldt Bay area; active in bay and estuary water quality,Wiyot Tribe|Wiyot|Wiyot Tribe of the Table Bluff Rancheria|Table Bluff Rancheria
Tolowa Dee-ni' Nation,Tolowa Dee-ni',Tolowa Dee-ni Nation|Smith River Rancheria|Tolowa Nation,Tribal Entity,North Coast,FR; Del Norte County; formerly Smith River Rancheria,Tolowa Dee-ni' Nation|Tolowa Dee-ni'|Tolowa Dee-ni Nation|Smith River Rancheria|Tolowa Nation
Cher-Ae Heights Indian Community,Cher-Ae Heights,Trinidad Rancheria|Cher-Ae Heights Indian Community of the Trinidad Rancheria,Tribal Entity,North Coast,FR; Humboldt County; Trinidad Bay area,Cher-Ae Heights Indian Community|Cher-Ae Heights|Trinidad Rancheria|Cher-Ae Heights Indian Community of the Trinidad Rancheria
Bear River Band of the Rohnerville Rancheria,Bear River Band,Bear River Band|Rohnerville Rancheria,Tribal Entity,North Coast,FR; Humboldt County,Bear River Band of the Rohnerville Rancheria|Bear River Band|Rohnerville Rancheria
Blue Lake Rancheria,Blue Lake Rancheria,Blue Lake Rancheria|Blue Lake Tribe,Tribal Entity,North Coast,FR; Humboldt County; active in Tribal Beneficial Uses,Blue Lake Rancheria|Blue Lake Tribe
Resighini Rancheria,Resighini Rancheria,Resighini Rancheria,Tribal Entity,North Coast|Klamath Basin,FR; Del Norte County; Klamath River,Resighini Rancheria
Federated Indians of Graton Rancheria,Graton Rancheria,Graton Rancheria|Graton Band|Federated Indians of Graton|Coast Miwok Tribe,Tribal Entity,North Bay|Russian River,FR; Coast Miwok and Southern Pomo peoples; Marin/Sonoma counties,Federated Indians of Graton Rancheria|Graton Rancheria|Graton Band|Federated Indians of Graton|Coast Miwok Tribe
Dry Creek Rancheria Band of Pomo Indians,Dry Creek Rancheria,Dry Creek Rancheria|Dry Creek Pomo,Tribal Entity,North Bay|Russian River,FR; Sonoma County; Russian River watershed,Dry Creek Rancheria Band of Pomo Indians|Dry Creek Rancheria|Dry Creek Pomo
Kashia Band of Pomo Indians,Kashia Pomo,Kashia Band|Kashia Pomo|Stewarts Point Rancheria,Tribal Entity,North Bay|Russian River,FR; Sonoma County,Kashia Band of Pomo Indians|Kashia Pomo|Kashia Band|Stewarts Point Rancheria
Round Valley Indian Tribes,Round Valley Tribes,Round Valley Indian Tribes|Round Valley Reservation,Tribal Entity,North Coast|Russian River,FR; Mendocino County; Eel River watershed,Round Valley Indian Tribes|Round Valley Tribes|Round Valley Reservation
Pinoleville Pomo Nation,Pinoleville Pomo,Pinoleville Pomo Nation|Pinoleville Rancheria,Tribal Entity,North Coast|Russian River,FR; Mendocino County; Russian River,Pinoleville Pomo Nation|Pinoleville Pomo|Pinoleville Rancheria
Hopland Band of Pomo Indians,Hopland Pomo,Hopland Band|Hopland Pomo|Hopland Rancheria,Tribal Entity,Russian River,FR; Mendocino County; active in Russian River water quality,Hopland Band of Pomo Indians|Hopland Pomo|Hopland Band|Hopland Rancheria
Potter Valley Tribe,Potter Valley Tribe,Potter Valley Tribe|Potter Valley Rancheria,Tribal Entity,Russian River,FR; Mendocino County; Eel-to-Russian River diversion,Potter Valley Tribe|Potter Valley Rancheria
Winnemem Wintu Tribe,Winnemem Wintu,Winnemem Wintu|Wintu|McCloud River Wintu,Tribal Entity,North Sacramento Valley,NFR (not federally recognized); active in Shasta Dam and McCloud River water governance,Winnemem Wintu Tribe|Winnemem Wintu|Wintu|McCloud River Wintu
Redding Rancheria,Redding Rancheria,Redding Rancheria|Redding Rancheria Tribe|Wintu Yana Pit River,Tribal Entity,North Sacramento Valley,"FR; Shasta County; Pit River, Wintu, and Yana peoples",Redding Rancheria|Redding Rancheria Tribe|Wintu Yana Pit River
Pit River Tribe,Pit River Tribe,Pit River Tribe|Pit River Indian Tribe|Ajumawi|Atsugewi,Tribal Entity,North Sacramento Valley|Klamath Basin,"FR; 11 bands across Shasta, Siskiyou, Modoc, Lassen counties; has dedicated water department",Pit River Tribe|Pit River Indian Tribe|Ajumawi|Atsugewi
Shasta Indian Nation,Shasta Indian Nation,Shasta Indian Nation|Shasta Nation,Tribal Entity,North Sacramento Valley|Klamath Basin,NFR (state-recognized); Klamath River; active in dam removal and land return,Shasta Indian Nation|Shasta Nation
Paskenta Band of Nomlaki Indians,Paskenta Band,Paskenta Band of Nomlaki Indians|Paskenta Nomlaki|Paskenta Rancheria,Tribal Entity,North Sacramento Valley,FR; Tehama County,Paskenta Band of Nomlaki Indians|Paskenta Band|Paskenta Nomlaki|Paskenta Rancheria
Mechoopda Indian Tribe of Chico Rancheria,Mechoopda,Mechoopda Indian Tribe|Mechoopda Tribe|Chico Rancheria,Tribal Entity,Feather River,FR; Butte County; Feather River watershed,Mechoopda Indian Tribe of Chico Rancheria|Mechoopda|Mechoopda Indian Tribe|Mechoopda Tribe|Chico Rancheria
Enterprise Rancheria of Maidu Indians,Enterprise Rancheria,Enterprise Rancheria|Estom Yumeka Maidu Tribe,Tribal Entity,Feather River,FR; Butte County; active in SWRCB Tribal Beneficial Uses (TBU) basin planning,Enterprise Rancheria of Maidu Indians|Enterprise Rancheria|Estom Yumeka Maidu Tribe
Mooretown Rancheria of Maidu Indians,Mooretown Rancheria,Mooretown Rancheria|Mooretown Maidu,Tribal Entity,Feather River,FR; Butte County,Mooretown Rancheria of Maidu Indians|Mooretown Rancheria|Mooretown Maidu
United Auburn Indian Community,UAIC,United Auburn Indian Community|Auburn Rancheria,Tribal Entity,American River Basin|CABY,FR; Placer County; Bear River watershed,United Auburn Indian Community|UAIC|Auburn Rancheria
Shingle Springs Band of Miwok Indians,Shingle Springs Miwok,Shingle Springs Band|Shingle Springs Rancheria,Tribal Entity,El Dorado,FR; El Dorado County,Shingle Springs Band of Miwok Indians|Shingle Springs Miwok|Shingle Springs Band|Shingle Springs Rancheria
Washoe Tribe of Nevada and California,Washoe Tribe,Washoe Tribe|Washoe People,Tribal Entity,Lake Tahoe,FR; Lake Tahoe basin; active in Carson and Truckee river water governance,Washoe Tribe of Nevada and California|Washoe Tribe|Washoe People
Tuolumne Band of Me-Wuk Indians,Tuolumne Me-Wuk,Tuolumne Band|Tuolumne Rancheria|Me-Wuk,Tribal Entity,Mokelumne/Amador/Calaveras,FR; Tuolumne County,Tuolumne Band of Me-Wuk Indians|Tuolumne Me-Wuk|Tuolumne Band|Tuolumne Rancheria|Me-Wuk
Amah Mutsun Tribal Band,Amah Mutsun,Amah Mutsun Tribal Band|Amah Mutsun Land Trust|Ohlone Mutsun,Tribal Entity,Bay Area|Santa Clara Valley|Central Coast,NFR; active in SF Bay and Central Coast water and land stewardship,Amah Mutsun Tribal Band|Amah Mutsun|Amah Mutsun Land Trust|Ohlone Mutsun
Muwekma Ohlone Tribe,Muwekma Ohlone,Muwekma Ohlone Tribe|Muwekma Ohlone|Ohlone Tribe,Tribal Entity,Bay Area|East Bay,NFR; SF Bay Area; active in SF Bay water quality and estuary restoration,Muwekma Ohlone Tribe|Muwekma Ohlone|Ohlone Tribe
Tule River Indian Tribe,Tule River Tribe,Tule River Indian Tribe|Tule River Tribe|Tule River Reservation Tribe,Tribal Entity,Kaweah River Basin|Tulare Lake,FR; Tulare County; Yokuts and Western Mono peoples; active in Sierra watershed restoration,Tule River Indian Tribe|Tule River Tribe|Tule River Reservation Tribe
Table Mountain Rancheria,Table Mountain Rancheria,Table Mountain Rancheria|Chukchansi Tribe|Table Mountain Band,Tribal Entity,San Joaquin River|Madera,FR; Fresno County,Table Mountain Rancheria|Chukchansi Tribe|Table Mountain Band
Picayune Rancheria of Chukchansi Indians,Picayune Rancheria,Picayune Rancheria|Chukchansi Indians,Tribal Entity,San Joaquin River|Madera,FR; Madera/Fresno counties,Picayune Rancheria of Chukchansi Indians|Picayune Rancheria|Chukchansi Indians
North Fork Rancheria of Mono Indians,North Fork Rancheria,North Fork Rancheria|North Fork Mono,Tribal Entity,San Joaquin River|Madera,FR; Madera County; San Joaquin River headwaters,North Fork Rancheria of Mono Indians|North Fork Rancheria|North Fork Mono
Cold Springs Rancheria of Mono Indians,Cold Springs Rancheria,Cold Springs Rancheria|Cold Springs Mono,Tribal Entity,San Joaquin River,FR; Fresno County,Cold Springs Rancheria of Mono Indians|Cold Springs Rancheria|Cold Springs Mono
Big Sandy Rancheria of Western Mono Indians,Big Sandy Rancheria,Big Sandy Rancheria|Big Sandy Mono,Tribal Entity,San Joaquin River,FR; Fresno County,Big Sandy Rancheria of Western Mono Indians|Big Sandy Rancheria|Big Sandy Mono
Santa Ynez Band of Chumash Indians,Santa Ynez Chumash,Santa Ynez Band of Chumash|Santa Ynez Chumash|Chumash Nation,Tribal Entity,Central Coast,FR; Santa Barbara County; active in Santa Ynez River water governance,Santa Ynez Band of Chumash Indians|Santa Ynez Chumash|Santa Ynez Band of Chumash|Chumash Nation
Esselen Tribe of Monterey County,Esselen Tribe,Esselen Tribe|Ohlone/Costanoan-Esselen Nation|Esselen Nation,Tribal Entity,Greater Monterey County|Central Coast,NFR; active in Central Coast stream and groundwater stewardship,Esselen Tribe of Monterey County|Esselen Tribe|Ohlone/Costanoan-Esselen Nation|Esselen Nation
San Manuel Band of Mission Indians,San Manuel,San Manuel Band|San Manuel Band of Serrano Mission Indians,Tribal Entity,Inland Empire|Santa Ana Watershed,FR; San Bernardino County; active in Santa Ana Watershed IRWM,San Manuel Band of Mission Indians|San Manuel|San Manuel Band|San Manuel Band of Serrano Mission Indians
Morongo Band of Mission Indians,Morongo,Morongo Band|Morongo Band of Cahuilla Mission Indians,Tribal Entity,Inland Empire|Coachella Valley,FR; Riverside/San Bernardino counties; Whitewater River watershed,Morongo Band of Mission Indians|Morongo|Morongo Band|Morongo Band of Cahuilla Mission Indians
Soboba Band of Luiseno Indians,Soboba Band,Soboba Band|Soboba Luiseno|Soboba Reservation,Tribal Entity,Inland Empire|Santa Ana Watershed,FR; Riverside County,Soboba Band of Luiseno Indians|Soboba Band|Soboba Luiseno|Soboba Reservation
Cabazon Band of Mission Indians,Cabazon Band,Cabazon Band|Cabazon Band of Cahuilla Indians,Tribal Entity,Coachella Valley,FR; Riverside County; Coachella Valley groundwater,Cabazon Band of Mission Indians|Cabazon Band|Cabazon Band of Cahuilla Indians
Agua Caliente Band of Cahuilla Indians,Agua Caliente,Agua Caliente Band|Agua Caliente Cahuilla|Agua Caliente Tribe,Tribal Entity,Coachella Valley,FR; landmark water rights case (Agua Caliente v. Coachella Valley Water District) involving Coachella Valley groundwater,Agua Caliente Band of Cahuilla Indians|Agua Caliente|Agua Caliente Band|Agua Caliente Cahuilla|Agua Caliente Tribe
Pechanga Band of Luiseno Indians,Pechanga,Pechanga Band|Pechanga Luiseno|Pechanga Reservation,Tribal Entity,Inland Empire|Santa Ana Watershed,FR; Riverside County,Pechanga Band of Luiseno Indians|Pechanga|Pechanga Band|Pechanga Luiseno|Pechanga Reservation
Fernandeño Tataviam Band of Mission Indians,Fernandeño Tataviam,Fernandeño Tataviam|Tataviam Nation|San Fernando Mission Tribe,Tribal Entity,Greater Los Angeles County|South Coast,NFR; active in Los Angeles River restoration and water governance,Fernandeño Tataviam Band of Mission Indians|Fernandeño Tataviam|Tataviam Nation|San Fernando Mission Tribe
Tongva Nation,Tongva,Tongva|Gabrielino-Tongva|Tongva Nation|Gabrielino Nation|Kizh Nation|Gabrielino-Tongva Tribe,Tribal Entity,Greater Los Angeles County|South Coast,NFR; original inhabitants of LA Basin; active in LA River and groundwater discussions,Tongva Nation|Tongva|Gabrielino-Tongva|Gabrielino Nation|Kizh Nation|Gabrielino-Tongva Tribe
Rincon Band of Luiseno Mission Indians,Rincon Band,Rincon Band|Rincon Luiseno|Rincon Reservation,Tribal Entity,San Diego,FR; San Diego County; active in San Luis Rey River water rights,Rincon Band of Luiseno Mission Indians|Rincon Band|Rincon Luiseno|Rincon Reservation
Pala Band of Mission Indians,Pala Band,Pala Band|Pala Reservation|Pala Mission Indians,Tribal Entity,San Diego,FR; San Diego County,Pala Band of Mission Indians|Pala Band|Pala Reservation|Pala Mission Indians
La Jolla Band of Luiseno Indians,La Jolla Band,La Jolla Band|La Jolla Luiseno,Tribal Entity,San Diego,FR; San Diego County,La Jolla Band of Luiseno Indians|La Jolla Band|La Jolla Luiseno
Pauma Band of Mission Indians,Pauma Band,Pauma Band|Pauma Valley|Yuima Reservation,Tribal Entity,San Diego,FR; San Diego County,Pauma Band of Mission Indians|Pauma Band|Pauma Valley|Yuima Reservation
Sycuan Band of the Kumeyaay Nation,Sycuan,Sycuan Band|Sycuan Kumeyaay,Tribal Entity,San Diego|South Bay,FR; San Diego County,Sycuan Band of the Kumeyaay Nation|Sycuan|Sycuan Band|Sycuan Kumeyaay
Viejas Band of Kumeyaay Indians,Viejas,Viejas Band|Viejas Kumeyaay,Tribal Entity,San Diego,FR; San Diego County,Viejas Band of Kumeyaay Indians|Viejas|Viejas Band|Viejas Kumeyaay
Campo Band of Kumeyaay Indians,Campo Band,Campo Band|Campo Kumeyaay,Tribal Entity,San Diego,FR; San Diego County,Campo Band of Kumeyaay Indians|Campo Band|Campo Kumeyaay
Jamul Indian Village,Jamul,Jamul Indian Village|Jamul Kumeyaay,Tribal Entity,San Diego,FR; San Diego County,Jamul Indian Village|Jamul|Jamul Kumeyaay
Quechan Tribe of the Fort Yuma Reservation,Quechan Tribe,Quechan Tribe|Fort Yuma Tribe|Yuma Tribe,Tribal Entity,Imperial,FR; Imperial County; Colorado River water rights,Quechan Tribe of the Fort Yuma Reservation|Quechan Tribe|Fort Yuma Tribe|Yuma Tribe
Chemehuevi Indian Tribe,Chemehuevi,Chemehuevi Indian Tribe|Chemehuevi Tribe,Tribal Entity,Lahontan Basin|Mojave,FR; San Bernardino County; Lake Havasu / Colorado River,Chemehuevi Indian Tribe|Chemehuevi|Chemehuevi Tribe
Bishop Paiute Tribe,Bishop Paiute,Bishop Paiute Tribe|Bishop Indian Tribe,Tribal Entity,Inyo-Mono,FR; Inyo County; Owens Valley water rights,Bishop Paiute Tribe|Bishop Paiute|Bishop Indian Tribe
Big Pine Paiute Tribe of the Owens Valley,Big Pine Paiute,Big Pine Paiute Tribe|Big Pine Tribe,Tribal Entity,Inyo-Mono,FR; Inyo County,Big Pine Paiute Tribe of the Owens Valley|Big Pine Paiute|Big Pine Paiute Tribe|Big Pine Tribe
Lone Pine Paiute-Shoshone Tribe,Lone Pine Paiute-Shoshone,Lone Pine Paiute-Shoshone Tribe|Lone Pine Reservation,Tribal Entity,Inyo-Mono,FR; Inyo County,Lone Pine Paiute-Shoshone Tribe|Lone Pine Paiute-Shoshone|Lone Pine Reservation
Bridgeport Paiute Indian Colony,Bridgeport Paiute,Bridgeport Paiute|Bridgeport Paiute Indian Colony|Mono Lake Kutzadika,Tribal Entity,Inyo-Mono,FR; Mono County; Mono Lake and Walker River watershed,Bridgeport Paiute Indian Colony|Bridgeport Paiute|Mono Lake Kutzadika
Humboldt County Resource Conservation District,Humboldt RCD,Humboldt County RCD|Humboldt RCD,Resource Conservation District,North Coast,,Humboldt County Resource Conservation District|Humboldt RCD|Humboldt County RCD
Del Norte Resource Conservation District,Del Norte RCD,Del Norte County RCD|Del Norte RCD,Resource Conservation District,North Coast,,Del Norte Resource Conservation District|Del Norte RCD|Del Norte County RCD
Trinity County Resource Conservation District,Trinity RCD,Trinity County RCD|Trinity RCD,Resource Conservation District,North Coast|Klamath Basin,,Trinity County Resource Conservation District|Trinity RCD|Trinity County RCD
Siskiyou County Resource Conservation District,Siskiyou RCD,Siskiyou County RCD|Siskiyou RCD,Resource Conservation District,Klamath Basin|North Sacramento Valley,,Siskiyou County Resource Conservation District|Siskiyou RCD|Siskiyou County RCD
Marin Resource Conservation District,Marin RCD,Marin County RCD|Marin RCD,Resource Conservation District,North Bay,,Marin Resource Conservation District|Marin RCD|Marin County RCD
Sonoma Resource Conservation District,Sonoma RCD,Sonoma County RCD|Sonoma RCD,Resource Conservation District,North Bay|Russian River,,Sonoma Resource Conservation District|Sonoma RCD|Sonoma County RCD
Mendocino County Resource Conservation District,Mendocino RCD,Mendocino County RCD|Mendocino RCD,Resource Conservation District,North Coast|Russian River,,Mendocino County Resource Conservation District|Mendocino RCD|Mendocino County RCD
Lake County Resource Conservation District,Lake County RCD,Lake County RCD,Resource Conservation District,Russian River,,Lake County Resource Conservation District|Lake County RCD
Napa County Resource Conservation District,Napa RCD,Napa County RCD|Napa RCD,Resource Conservation District,North Bay,,Napa County Resource Conservation District|Napa RCD|Napa County RCD
Tehama County Resource Conservation District,Tehama RCD,Tehama County RCD|Tehama RCD,Resource Conservation District,North Sacramento Valley,,Tehama County Resource Conservation District|Tehama RCD|Tehama County RCD
Glenn County Resource Conservation District,Glenn RCD,Glenn County RCD|Glenn RCD,Resource Conservation District,North Sacramento Valley,,Glenn County Resource Conservation District|Glenn RCD|Glenn County RCD
Colusa County Resource Conservation District,Colusa RCD,Colusa County RCD|Colusa RCD,Resource Conservation District,North Sacramento Valley,,Colusa County Resource Conservation District|Colusa RCD|Colusa County RCD
Shasta County Resource Conservation District,Shasta RCD,Shasta County RCD|Shasta RCD,Resource Conservation District,North Sacramento Valley,,Shasta County Resource Conservation District|Shasta RCD|Shasta County RCD
Yolo County Resource Conservation District,Yolo RCD,Yolo County RCD|Yolo RCD,Resource Conservation District,Sacramento Valley,,Yolo County Resource Conservation District|Yolo RCD|Yolo County RCD
Sacramento County Resource Conservation District,Sacramento RCD,Sacramento County RCD|Sacramento RCD,Resource Conservation District,North Sacramento Valley,,Sacramento County Resource Conservation District|Sacramento RCD|Sacramento County RCD
Solano County Resource Conservation District,Solano RCD,Solano County RCD|Solano RCD,Resource Conservation District,Sacramento Valley|Bay Area,,Solano County Resource Conservation District|Solano RCD|Solano County RCD
Contra Costa Resource Conservation District,Contra Costa RCD,Contra Costa County RCD|Contra Costa RCD,Resource Conservation District,East Bay|East Contra Costa County,,Contra Costa Resource Conservation District|Contra Costa RCD|Contra Costa County RCD
Alameda County Resource Conservation District,Alameda RCD,Alameda County RCD|Alameda RCD,Resource Conservation District,East Bay,,Alameda County Resource Conservation District|Alameda RCD|Alameda County RCD
North Santa Clara Resource Conservation District,North Santa Clara RCD,North Santa Clara RCD|Santa Clara RCD|Santa Clara County RCD|Santa Clara Valley RCD,Resource Conservation District,Santa Clara Valley,Renamed from Santa Clara Valley RCD in 2022,North Santa Clara Resource Conservation District|North Santa Clara RCD|Santa Clara RCD|Santa Clara County RCD|Santa Clara Valley RCD
San Mateo Resource Conservation District,San Mateo RCD,San Mateo County RCD|San Mateo RCD,Resource Conservation District,Bay Area,,San Mateo Resource Conservation District|San Mateo RCD|San Mateo County RCD
Resource Conservation District of Santa Cruz County,RCD of Santa Cruz,Santa Cruz County RCD|Santa Cruz RCD|RCD of Santa Cruz County,Resource Conservation District,Santa Cruz|Pajaro River Watershed,,Resource Conservation District of Santa Cruz County|RCD of Santa Cruz|Santa Cruz County RCD|Santa Cruz RCD|RCD of Santa Cruz County
Monterey County Resource Conservation District,Monterey RCD,Monterey County RCD|Monterey RCD,Resource Conservation District,Greater Monterey County|Salinas Valley|Monterey Peninsula/Carmel Bay/South Monterey,,Monterey County Resource Conservation District|Monterey RCD|Monterey County RCD
San Luis Obispo County Resource Conservation District,SLO RCD,San Luis Obispo RCD|SLO County RCD|SLO RCD,Resource Conservation District,Central Coast,,San Luis Obispo County Resource Conservation District|SLO RCD|San Luis Obispo RCD|SLO County RCD
Santa Barbara County Resource Conservation District,Santa Barbara RCD,Santa Barbara County RCD|Santa Barbara RCD,Resource Conservation District,Central Coast,,Santa Barbara County Resource Conservation District|Santa Barbara RCD|Santa Barbara County RCD
Ventura Resource Conservation District,Ventura RCD,Ventura County RCD|Ventura RCD,Resource Conservation District,Ventura County|South Coast,,Ventura Resource Conservation District|Ventura RCD|Ventura County RCD
Los Angeles County Resource Conservation District,LA County RCD,LA County RCD|Los Angeles County RCD,Resource Conservation District,Greater Los Angeles County,,Los Angeles County Resource Conservation District|LA County RCD|Los Angeles County RCD
Inland Empire Resource Conservation District,IERCD,Inland Empire RCD|IERCD,Resource Conservation District,Inland Empire|Santa Ana Watershed,,Inland Empire Resource Conservation District|IERCD|Inland Empire RCD
Riverside-Corona Resource Conservation District,RCRCD,Riverside-Corona RCD|RCRCD,Resource Conservation District,Inland Empire|Santa Ana Watershed,,Riverside-Corona Resource Conservation District|RCRCD|Riverside-Corona RCD
San Diego Resource Conservation District,San Diego RCD,San Diego County RCD|San Diego RCD,Resource Conservation District,San Diego,,San Diego Resource Conservation District|San Diego RCD|San Diego County RCD
San Joaquin County Resource Conservation District,San Joaquin RCD,San Joaquin County RCD|San Joaquin RCD,Resource Conservation District,Eastern San Joaquin,,San Joaquin County Resource Conservation District|San Joaquin RCD|San Joaquin County RCD
Stanislaus County Resource Conservation District,Stanislaus RCD,Stanislaus County RCD|Stanislaus RCD,Resource Conservation District,East Stanislaus,,Stanislaus County Resource Conservation District|Stanislaus RCD|Stanislaus County RCD
Merced County Resource Conservation District,Merced RCD,Merced County RCD|Merced RCD,Resource Conservation District,Merced,,Merced County Resource Conservation District|Merced RCD|Merced County RCD
Madera and Chowchilla Resource Conservation District,Madera RCD,Madera Chowchilla RCD|Madera RCD|Madera and Chowchilla RCD,Resource Conservation District,Madera|San Joaquin River,,Madera and Chowchilla Resource Conservation District|Madera RCD|Madera Chowchilla RCD|Madera and Chowchilla RCD
Fresno County Resource Conservation District,Fresno RCD,Fresno County RCD|Fresno RCD,Resource Conservation District,San Joaquin River,,Fresno County Resource Conservation District|Fresno RCD|Fresno County RCD
Kings County Resource Conservation District,Kings RCD,Kings County RCD|Kings RCD,Resource Conservation District,Kings Basin,,Kings County Resource Conservation District|Kings RCD|Kings County RCD
Tulare County Resource Conservation District,Tulare County RCD,Tulare County RCD|Tulare RCD,Resource Conservation District,Kaweah River Basin|Tulare Lake,,Tulare County Resource Conservation District|Tulare County RCD|Tulare RCD
Tulare Lake Resource Conservation District,Tulare Lake RCD,Tulare Lake RCD,Resource Conservation District,Tulare Lake,,Tulare Lake Resource Conservation District|Tulare Lake RCD
Kern County Resource Conservation District,Kern RCD,Kern County RCD|Kern RCD,Resource Conservation District,Kern County,,Kern County Resource Conservation District|Kern RCD|Kern County RCD
Butte County Resource Conservation District,Butte RCD,Butte County RCD|Butte RCD,Resource Conservation District,Feather River,,Butte County Resource Conservation District|Butte RCD|Butte County RCD
Plumas County Resource Conservation District,Plumas RCD,Plumas County RCD|Plumas RCD,Resource Conservation District,Feather River,,Plumas County Resource Conservation District|Plumas RCD|Plumas County RCD
Nevada County Resource Conservation District,Nevada County RCD,Nevada County RCD|Nevada RCD,Resource Conservation District,CABY|American River Basin,,Nevada County Resource Conservation District|Nevada County RCD|Nevada RCD
Placer County Resource Conservation District,Placer RCD,Placer County RCD|Placer RCD,Resource Conservation District,American River Basin|CABY,,Placer County Resource Conservation District|Placer RCD|Placer County RCD
El Dorado County Resource Conservation District,El Dorado RCD,El Dorado County RCD|El Dorado RCD,Resource Conservation District,El Dorado|CABY,,El Dorado County Resource Conservation District|El Dorado RCD|El Dorado County RCD
Sierra Resource Conservation District,Sierra RCD,Sierra County RCD|Sierra RCD,Resource Conservation District,Feather River,,Sierra Resource Conservation District|Sierra RCD|Sierra County RCD
California State Association of Counties,CSAC,CSAC|California Association of Counties|CA Association of Counties,Local Government,Statewide,,California State Association of Counties|CSAC|California Association of Counties|CA Association of Counties
Humboldt County,Humboldt County,County of Humboldt|Humboldt County Department of Public Works,Local Government,North Coast,,Humboldt County|County of Humboldt|Humboldt County Department of Public Works
Del Norte County,Del Norte County,County of Del Norte,Local Government,North Coast,,Del Norte County|County of Del Norte
Trinity County,Trinity County,County of Trinity,Local Government,North Coast|Klamath Basin,,Trinity County|County of Trinity
Siskiyou County,Siskiyou County,County of Siskiyou,Local Government,Klamath Basin|North Sacramento Valley,,Siskiyou County|County of Siskiyou
Marin County,Marin County,County of Marin|Marin County Department of Public Works,Local Government,North Bay,,Marin County|County of Marin|Marin County Department of Public Works
Sonoma County,Sonoma County,County of Sonoma|Sonoma County Public Works,Local Government,North Bay|Russian River,,Sonoma County|County of Sonoma|Sonoma County Public Works
Napa County,Napa County,County of Napa|Napa County Flood Control,Local Government,North Bay,,Napa County|County of Napa|Napa County Flood Control
Mendocino County,Mendocino County,County of Mendocino,Local Government,North Coast|Russian River,,Mendocino County|County of Mendocino
Alameda County,Alameda County,County of Alameda|Alameda County Public Works,Local Government,East Bay,,Alameda County|County of Alameda|Alameda County Public Works
Contra Costa County,Contra Costa County,County of Contra Costa|Contra Costa County Public Works,Local Government,East Bay|East Contra Costa County,,Contra Costa County|County of Contra Costa|Contra Costa County Public Works
Solano County,Solano County,County of Solano,Local Government,Bay Area|Sacramento Valley,,Solano County|County of Solano
San Mateo County,San Mateo County,County of San Mateo,Local Government,Bay Area,,San Mateo County|County of San Mateo
Santa Clara County,Santa Clara County,County of Santa Clara,Local Government,Santa Clara Valley,,Santa Clara County|County of Santa Clara
Santa Cruz County,Santa Cruz County,County of Santa Cruz,Local Government,Santa Cruz|Pajaro River Watershed,,Santa Cruz County|County of Santa Cruz
Monterey County,Monterey County,County of Monterey,Local Government,Greater Monterey County|Salinas Valley|Monterey Peninsula/Carmel Bay/South Monterey,,Monterey County|County of Monterey
San Luis Obispo County,San Luis Obispo County,County of San Luis Obispo|SLO County,Local Government,Central Coast,,San Luis Obispo County|County of San Luis Obispo|SLO County
Santa Barbara County,Santa Barbara County,County of Santa Barbara,Local Government,Central Coast,,Santa Barbara County|County of Santa Barbara
Sacramento County,Sacramento County,County of Sacramento|Sacramento County Water Agency,Local Government,North Sacramento Valley,,Sacramento County|County of Sacramento|Sacramento County Water Agency
Yolo County,Yolo County,County of Yolo|Yolo County Flood Control,Local Government,Sacramento Valley,,Yolo County|County of Yolo|Yolo County Flood Control
Sutter County,Sutter County,County of Sutter,Local Government,North Sacramento Valley|Feather River,,Sutter County|County of Sutter
Colusa County,Colusa County,County of Colusa,Local Government,North Sacramento Valley,,Colusa County|County of Colusa
Glenn County,Glenn County,County of Glenn,Local Government,North Sacramento Valley,,Glenn County|County of Glenn
Tehama County,Tehama County,County of Tehama,Local Government,North Sacramento Valley,,Tehama County|County of Tehama
Shasta County,Shasta County,County of Shasta,Local Government,North Sacramento Valley,,Shasta County|County of Shasta
Butte County,Butte County,County of Butte,Local Government,Feather River,,Butte County|County of Butte
Plumas County,Plumas County,County of Plumas,Local Government,Feather River,,Plumas County|County of Plumas
Nevada County,Nevada County,County of Nevada,Local Government,CABY|American River Basin,,Nevada County|County of Nevada
Placer County,Placer County,County of Placer,Local Government,American River Basin|CABY,,Placer County|County of Placer
El Dorado County,El Dorado County,County of El Dorado,Local Government,El Dorado|CABY,,El Dorado County|County of El Dorado
Amador County,Amador County,County of Amador,Local Government,Mokelumne/Amador/Calaveras,,Amador County|County of Amador
Calaveras County,Calaveras County,County of Calaveras,Local Government,Mokelumne/Amador/Calaveras,,Calaveras County|County of Calaveras
Tuolumne County,Tuolumne County,County of Tuolumne,Local Government,Mokelumne/Amador/Calaveras,,Tuolumne County|County of Tuolumne
Mariposa County,Mariposa County,County of Mariposa,Local Government,San Joaquin River,,Mariposa County|County of Mariposa
Mono County,Mono County,County of Mono,Local Government,Inyo-Mono,,Mono County|County of Mono
Inyo County,Inyo County,County of Inyo,Local Government,Inyo-Mono,,Inyo County|County of Inyo
San Joaquin County,San Joaquin County,County of San Joaquin,Local Government,Eastern San Joaquin,,San Joaquin County|County of San Joaquin
Stanislaus County,Stanislaus County,County of Stanislaus,Local Government,East Stanislaus,,Stanislaus County|County of Stanislaus
Merced County,Merced County,County of Merced,Local Government,Merced,,Merced County|County of Merced
Madera County,Madera County,County of Madera,Local Government,Madera|San Joaquin River,,Madera County|County of Madera
Fresno County,Fresno County,County of Fresno,Local Government,San Joaquin River,,Fresno County|County of Fresno
Kings County,Kings County,County of Kings,Local Government,Kings Basin,,Kings County|County of Kings
Tulare County,Tulare County,County of Tulare,Local Government,Kaweah River Basin|Tulare Lake,,Tulare County|County of Tulare
Kern County,Kern County,County of Kern,Local Government,Kern County|Antelope Valley,,Kern County|County of Kern
Ventura County,Ventura County,County of Ventura|Ventura County Watershed Protection District,Local Government,Ventura County|South Coast,,Ventura County|County of Ventura|Ventura County Watershed Protection District
Los Angeles County,LA County,County of Los Angeles|Los Angeles County|LA County DPW,Local Government,Greater Los Angeles County|San Gabriel Valley|South Coast,,Los Angeles County|LA County|County of Los Angeles|LA County DPW
Orange County,Orange County,County of Orange,Local Government,Orange County|Santa Ana Watershed,,Orange County|County of Orange
Riverside County,Riverside County,County of Riverside,Local Government,Inland Empire|Coachella Valley|Santa Ana Watershed,,Riverside County|County of Riverside
San Bernardino County,San Bernardino County,County of San Bernardino|San Bernardino County Flood Control,Local Government,Inland Empire|Mojave|Antelope Valley|Santa Ana Watershed,,San Bernardino County|County of San Bernardino|San Bernardino County Flood Control
San Diego County,San Diego County,County of San Diego,Local Government,San Diego|South Bay,,San Diego County|County of San Diego
Imperial County,Imperial County,County of Imperial,Local Government,Imperial|Salton Sea,,Imperial County|County of Imperial
City of Los Angeles,City of LA,City of Los Angeles|LA City|Los Angeles|City of LA,Local Government,Greater Los Angeles County|South Coast,"LADWP, Bureau of Sanitation, Bureau of Engineering are key city departments in IRWM",City of Los Angeles|City of LA|LA City|Los Angeles
City of Sacramento,City of Sacramento,City of Sacramento|Sacramento City,Local Government,North Sacramento Valley,,City of Sacramento|Sacramento City
City of San Diego,City of San Diego,City of San Diego|San Diego City,Local Government,San Diego,,City of San Diego|San Diego City
City of San Jose,City of San Jose,City of San Jose|San Jose|San Jose City,Local Government,Santa Clara Valley,,City of San Jose|San Jose|San Jose City
City of Fresno,City of Fresno,City of Fresno|Fresno City,Local Government,San Joaquin River,,City of Fresno|Fresno City
City of Bakersfield,City of Bakersfield,City of Bakersfield|Bakersfield City,Local Government,Kern County,,City of Bakersfield|Bakersfield City
City of Stockton,City of Stockton,City of Stockton|Stockton City,Local Government,Eastern San Joaquin,,City of Stockton|Stockton City
City of Modesto,City of Modesto,City of Modesto|Modesto City,Local Government,East Stanislaus,,City of Modesto|Modesto City
City of Riverside,City of Riverside,City of Riverside|Riverside City,Local Government,Inland Empire|Santa Ana Watershed,,City of Riverside|Riverside City
City of San Bernardino,City of San Bernardino,City of San Bernardino|San Bernardino City,Local Government,Inland Empire|Santa Ana Watershed,,City of San Bernardino|San Bernardino City
City of Long Beach,City of Long Beach,City of Long Beach|Long Beach City|Long Beach Water Department,Local Government,Greater Los Angeles County|South Coast,,City of Long Beach|Long Beach City|Long Beach Water Department
City of Santa Ana,City of Santa Ana,City of Santa Ana|Santa Ana City,Local Government,Santa Ana Watershed|Orange County,,City of Santa Ana|Santa Ana City
City of Anaheim,City of Anaheim,City of Anaheim|Anaheim City|Anaheim Public Utilities,Local Government,Orange County|Santa Ana Watershed,,City of Anaheim|Anaheim City|Anaheim Public Utilities
City of Oxnard,City of Oxnard,City of Oxnard|Oxnard City,Local Government,Ventura County|South Coast,,City of Oxnard|Oxnard City
City of Santa Barbara,City of Santa Barbara,City of Santa Barbara|Santa Barbara City,Local Government,Central Coast,,City of Santa Barbara|Santa Barbara City
City of San Luis Obispo,City of San Luis Obispo,City of San Luis Obispo|SLO City,Local Government,Central Coast,,City of San Luis Obispo|SLO City
City of Monterey,City of Monterey,City of Monterey|Monterey City,Local Government,Greater Monterey County|Monterey Peninsula/Carmel Bay/South Monterey,,City of Monterey|Monterey City
City of Santa Cruz,City of Santa Cruz,City of Santa Cruz|Santa Cruz City,Local Government,Santa Cruz,,City of Santa Cruz|Santa Cruz City
City of Chico,City of Chico,City of Chico|Chico City,Local Government,Feather River,,City of Chico|Chico City
City of Redding,City of Redding,City of Redding|Redding City,Local Government,North Sacramento Valley,,City of Redding|Redding City
City of Eureka,City of Eureka,City of Eureka|Eureka City,Local Government,North Coast,,City of Eureka|Eureka City
City of Coachella,City of Coachella,City of Coachella|Coachella City,Local Government,Coachella Valley,,City of Coachella|Coachella City
City of Palm Springs,City of Palm Springs,City of Palm Springs|Palm Springs City,Local Government,Coachella Valley,,City of Palm Springs|Palm Springs City
City of El Centro,City of El Centro,City of El Centro|El Centro City,Local Government,Imperial,,City of El Centro|El Centro City
